-- phpMyAdmin SQL Dump
-- version 5.1.1
-- https://www.phpmyadmin.net/
--
-- Хост: localhost:8889
-- Время создания: Янв 21 2022 г., 10:01
-- Версия сервера: 5.7.34
-- Версия PHP: 8.0.8

SET SQL_MODE = "NO_AUTO_VALUE_ON_ZERO";
START TRANSACTION;
SET time_zone = "+00:00";


/*!40101 SET @OLD_CHARACTER_SET_CLIENT=@@CHARACTER_SET_CLIENT */;
/*!40101 SET @OLD_CHARACTER_SET_RESULTS=@@CHARACTER_SET_RESULTS */;
/*!40101 SET @OLD_COLLATION_CONNECTION=@@COLLATION_CONNECTION */;
/*!40101 SET NAMES utf8mb4 */;

--
-- База данных: `europharma`
--

-- --------------------------------------------------------

--
-- Структура таблицы `cars`
--

CREATE TABLE `cars` (
  `id` bigint(20) UNSIGNED NOT NULL,
  `name` varchar(255) COLLATE utf8mb4_unicode_ci NOT NULL,
  `icon` varchar(255) COLLATE utf8mb4_unicode_ci NOT NULL,
  `created_at` timestamp NULL DEFAULT NULL,
  `updated_at` timestamp NULL DEFAULT NULL
) ENGINE=InnoDB DEFAULT CHARSET=utf8mb4 COLLATE=utf8mb4_unicode_ci;

--
-- Дамп данных таблицы `cars`
--

INSERT INTO `cars` (`id`, `name`, `icon`, `created_at`, `updated_at`) VALUES
(1, 'Hyundai 520', 'drc/icon-Hyundai 520-662', '2022-01-20 02:58:07', '2022-01-20 02:58:07'),
(2, 'Mercedes 520', 'drc/icon-Mercedes 520-760', '2022-01-20 02:58:07', '2022-01-20 02:58:07'),
(3, 'BMW Rio', 'drc/icon-BMW Rio-750', '2022-01-20 02:58:07', '2022-01-20 02:58:07'),
(4, 'Mercedes C200', 'drc/icon-Mercedes C200-988', '2022-01-20 02:58:07', '2022-01-20 02:58:07'),
(5, 'Mercedes Camry', 'drc/icon-Mercedes Camry-690', '2022-01-20 02:58:07', '2022-01-20 02:58:07'),
(6, 'BMW Qashqai', 'drc/icon-BMW Qashqai-998', '2022-01-20 02:58:07', '2022-01-20 02:58:07'),
(7, 'Jeep C200', 'drc/icon-Jeep C200-876', '2022-01-20 02:58:07', '2022-01-20 02:58:07'),
(8, 'Nissan Cerato', 'drc/icon-Nissan Cerato-656', '2022-01-20 02:58:07', '2022-01-20 02:58:07'),
(9, 'BMW 520', 'drc/icon-BMW 520-600', '2022-01-20 02:58:07', '2022-01-20 02:58:07'),
(10, 'Jeep Cerato', 'drc/icon-Jeep Cerato-527', '2022-01-20 02:58:07', '2022-01-20 02:58:07'),
(11, 'Kia Qashqai', 'drc/icon-Kia Qashqai-529', '2022-01-20 02:58:07', '2022-01-20 02:58:07'),
(12, 'Toyota C200', 'drc/icon-Toyota C200-889', '2022-01-20 02:58:07', '2022-01-20 02:58:07'),
(13, 'Kia Camry', 'drc/icon-Kia Camry-830', '2022-01-20 02:58:07', '2022-01-20 02:58:07'),
(14, 'Toyota Camry', 'drc/icon-Toyota Camry-975', '2022-01-20 02:58:07', '2022-01-20 02:58:07'),
(15, 'Kia 520', 'drc/icon-Kia 520-524', '2022-01-20 02:58:07', '2022-01-20 02:58:07'),
(16, 'Hyundai Cerato', 'drc/icon-Hyundai Cerato-628', '2022-01-20 02:58:07', '2022-01-20 02:58:07'),
(17, 'Hyundai Camry', 'drc/icon-Hyundai Camry-655', '2022-01-20 02:58:07', '2022-01-20 02:58:07'),
(18, 'BMW Cerato', 'drc/icon-BMW Cerato-668', '2022-01-20 02:58:07', '2022-01-20 02:58:07'),
(19, 'Mercedes Qashqai', 'drc/icon-Mercedes Qashqai-830', '2022-01-20 02:58:07', '2022-01-20 02:58:07'),
(20, 'Kia 520', 'drc/icon-Kia 520-953', '2022-01-20 02:58:07', '2022-01-20 02:58:07');

-- --------------------------------------------------------

--
-- Структура таблицы `cities`
--

CREATE TABLE `cities` (
  `id` bigint(20) UNSIGNED NOT NULL,
  `name` varchar(255) COLLATE utf8mb4_unicode_ci NOT NULL,
  `country_id` bigint(20) UNSIGNED NOT NULL,
  `created_at` timestamp NULL DEFAULT NULL,
  `updated_at` timestamp NULL DEFAULT NULL
) ENGINE=InnoDB DEFAULT CHARSET=utf8mb4 COLLATE=utf8mb4_unicode_ci;

--
-- Дамп данных таблицы `cities`
--

INSERT INTO `cities` (`id`, `name`, `country_id`, `created_at`, `updated_at`) VALUES
(1, 'West Hettieburgh', 5, '2022-01-20 02:58:07', '2022-01-20 02:58:07'),
(2, 'West Harmon', 4, '2022-01-20 02:58:07', '2022-01-20 02:58:07'),
(3, 'Brauliofurt', 4, '2022-01-20 02:58:07', '2022-01-20 02:58:07'),
(4, 'West Furmanfurt', 1, '2022-01-20 02:58:07', '2022-01-20 02:58:07'),
(5, 'Anaside', 4, '2022-01-20 02:58:07', '2022-01-20 02:58:07'),
(6, 'Parkerview', 2, '2022-01-20 02:58:07', '2022-01-20 02:58:07'),
(7, 'South Alyce', 5, '2022-01-20 02:58:07', '2022-01-20 02:58:07'),
(8, 'South Wayne', 3, '2022-01-20 02:58:07', '2022-01-20 02:58:07'),
(9, 'North Melanyfurt', 3, '2022-01-20 02:58:07', '2022-01-20 02:58:07'),
(10, 'South Nyasia', 2, '2022-01-20 02:58:07', '2022-01-20 02:58:07'),
(11, 'North Laurianeville', 4, '2022-01-20 02:58:07', '2022-01-20 02:58:07'),
(12, 'Raynormouth', 4, '2022-01-20 02:58:07', '2022-01-20 02:58:07'),
(13, 'Schoenborough', 3, '2022-01-20 02:58:07', '2022-01-20 02:58:07'),
(14, 'Deontaehaven', 4, '2022-01-20 02:58:07', '2022-01-20 02:58:07'),
(15, 'Harveychester', 3, '2022-01-20 02:58:07', '2022-01-20 02:58:07'),
(16, 'Lake Samir', 1, '2022-01-20 02:58:07', '2022-01-20 02:58:07'),
(17, 'Meganeborough', 5, '2022-01-20 02:58:07', '2022-01-20 02:58:07'),
(18, 'South Dandrebury', 2, '2022-01-20 02:58:07', '2022-01-20 02:58:07'),
(19, 'East Patiencehaven', 4, '2022-01-20 02:58:07', '2022-01-20 02:58:07'),
(20, 'East Sylvanville', 4, '2022-01-20 02:58:07', '2022-01-20 02:58:07');

-- --------------------------------------------------------

--
-- Структура таблицы `countries`
--

CREATE TABLE `countries` (
  `id` bigint(20) UNSIGNED NOT NULL,
  `name` varchar(255) COLLATE utf8mb4_unicode_ci NOT NULL,
  `created_at` timestamp NULL DEFAULT NULL,
  `updated_at` timestamp NULL DEFAULT NULL
) ENGINE=InnoDB DEFAULT CHARSET=utf8mb4 COLLATE=utf8mb4_unicode_ci;

--
-- Дамп данных таблицы `countries`
--

INSERT INTO `countries` (`id`, `name`, `created_at`, `updated_at`) VALUES
(1, 'Rwanda', '2022-01-20 02:58:07', '2022-01-20 02:58:07'),
(2, 'Saint Pierre and Miquelon', '2022-01-20 02:58:07', '2022-01-20 02:58:07'),
(3, 'Vietnam', '2022-01-20 02:58:07', '2022-01-20 02:58:07'),
(4, 'Seychelles', '2022-01-20 02:58:07', '2022-01-20 02:58:07'),
(5, 'New Zealand', '2022-01-20 02:58:07', '2022-01-20 02:58:07');

-- --------------------------------------------------------

--
-- Структура таблицы `driver_images`
--

CREATE TABLE `driver_images` (
  `id` bigint(20) UNSIGNED NOT NULL,
  `transport_id` bigint(20) UNSIGNED NOT NULL,
  `type` varchar(255) COLLATE utf8mb4_unicode_ci DEFAULT NULL,
  `path` varchar(255) COLLATE utf8mb4_unicode_ci DEFAULT NULL,
  `created_at` timestamp NULL DEFAULT NULL,
  `updated_at` timestamp NULL DEFAULT NULL
) ENGINE=InnoDB DEFAULT CHARSET=utf8mb4 COLLATE=utf8mb4_unicode_ci;

-- --------------------------------------------------------

--
-- Структура таблицы `employees`
--

CREATE TABLE `employees` (
  `id` bigint(20) UNSIGNED NOT NULL,
  `city_id` bigint(20) UNSIGNED NOT NULL,
  `name` varchar(255) COLLATE utf8mb4_unicode_ci DEFAULT NULL,
  `surname` varchar(255) COLLATE utf8mb4_unicode_ci DEFAULT NULL,
  `token` varchar(255) COLLATE utf8mb4_unicode_ci NOT NULL,
  `phone` varchar(255) COLLATE utf8mb4_unicode_ci NOT NULL,
  `password` varchar(255) COLLATE utf8mb4_unicode_ci NOT NULL,
  `created_at` timestamp NULL DEFAULT NULL,
  `updated_at` timestamp NULL DEFAULT NULL
) ENGINE=InnoDB DEFAULT CHARSET=utf8mb4 COLLATE=utf8mb4_unicode_ci;

--
-- Дамп данных таблицы `employees`
--

INSERT INTO `employees` (`id`, `city_id`, `name`, `surname`, `token`, `phone`, `password`, `created_at`, `updated_at`) VALUES
(1, 5, 'Milo', 'Will', 'fGhYxKb44HgUMKIEQIsaByX0PHj0ziRK7gphGJBj', '+1-845-685-1288', '$2y$10$JTKFLbNHCXxl1XpmvaFUZ.hLLXDvPkxGrleTrAPAyY9q6sg.DISnO', '2022-01-20 02:58:07', '2022-01-20 02:58:07'),
(2, 20, 'Randall', 'Torp', 'rYIVvVTYDCRNDXGgybsU8lOzUz6KNuFlBicmKopM', '1-689-343-4855', '$2y$10$JTKFLbNHCXxl1XpmvaFUZ.hLLXDvPkxGrleTrAPAyY9q6sg.DISnO', '2022-01-20 02:58:07', '2022-01-20 02:58:07'),
(3, 1, 'Perry', 'Lind', 'bu1a71YjPhrhC8Mjl2THO8SD1WjgVlb8ySKC6oOK', '+1 (360) 856-4258', '$2y$10$JTKFLbNHCXxl1XpmvaFUZ.hLLXDvPkxGrleTrAPAyY9q6sg.DISnO', '2022-01-20 02:58:07', '2022-01-20 02:58:07'),
(4, 16, 'Hallie', 'Bashirian', 'YrSxtw9UUWyklAopTw73bgj1oOijzNP37mU8RvZg', '1-940-732-3332', '$2y$10$JTKFLbNHCXxl1XpmvaFUZ.hLLXDvPkxGrleTrAPAyY9q6sg.DISnO', '2022-01-20 02:58:07', '2022-01-20 02:58:07'),
(5, 3, 'Pedro', 'Schuppe', '2gK6U2pypVn3260NTovFb6NusqYWd1JhUpvhfaqk', '+1-734-672-1739', '$2y$10$JTKFLbNHCXxl1XpmvaFUZ.hLLXDvPkxGrleTrAPAyY9q6sg.DISnO', '2022-01-20 02:58:07', '2022-01-20 02:58:07'),
(6, 16, 'Christiana', 'Grady', 'HPDnl6WIHs9oRUk4mVirwT30VTQVLGNaEafXR5ZU', '+15315751064', '$2y$10$JTKFLbNHCXxl1XpmvaFUZ.hLLXDvPkxGrleTrAPAyY9q6sg.DISnO', '2022-01-20 02:58:07', '2022-01-20 02:58:07'),
(7, 14, 'Coralie', 'Ryan', 'wwA6Yu7vRjzoPPq8xL68ukLyLLbdNPP74keGbFSd', '+1 (203) 930-1157', '$2y$10$JTKFLbNHCXxl1XpmvaFUZ.hLLXDvPkxGrleTrAPAyY9q6sg.DISnO', '2022-01-20 02:58:07', '2022-01-20 02:58:07'),
(8, 10, 'Adalberto', 'Reilly', 'mU8QBNjZkfHWae7wlVNttpi6bK0r5yBn1z9rM7TI', '(559) 310-3790', '$2y$10$JTKFLbNHCXxl1XpmvaFUZ.hLLXDvPkxGrleTrAPAyY9q6sg.DISnO', '2022-01-20 02:58:07', '2022-01-20 02:58:07'),
(9, 20, 'Antonetta', 'Reinger', 'IOdFZz4fibe8b4rbzAAid5cdq6sWhL15pNGuulTV', '434.430.7976', '$2y$10$JTKFLbNHCXxl1XpmvaFUZ.hLLXDvPkxGrleTrAPAyY9q6sg.DISnO', '2022-01-20 02:58:07', '2022-01-20 02:58:07'),
(10, 7, 'Kavon', 'Emard', '5hK0kqNSK5djEWvLEjfCkmtQJlPHch22qc43Ao5G', '+1-772-752-3020', '$2y$10$JTKFLbNHCXxl1XpmvaFUZ.hLLXDvPkxGrleTrAPAyY9q6sg.DISnO', '2022-01-20 02:58:07', '2022-01-20 02:58:07');

-- --------------------------------------------------------

--
-- Структура таблицы `migrations`
--

CREATE TABLE `migrations` (
  `id` int(10) UNSIGNED NOT NULL,
  `migration` varchar(255) COLLATE utf8mb4_unicode_ci NOT NULL,
  `batch` int(11) NOT NULL
) ENGINE=InnoDB DEFAULT CHARSET=utf8mb4 COLLATE=utf8mb4_unicode_ci;

--
-- Дамп данных таблицы `migrations`
--

INSERT INTO `migrations` (`id`, `migration`, `batch`) VALUES
(1, '2019_12_14_000001_create_personal_access_tokens_table', 1),
(2, '2022_01_17_060133_create_countries_table', 1),
(3, '2022_01_17_060146_create_cities_table', 1),
(4, '2022_01_17_060213_create_users_table', 1),
(5, '2022_01_17_060218_create_employees_table', 1),
(6, '2022_01_17_062939_create_user_documents_table', 1),
(7, '2022_01_17_063013_create_cars_table', 1),
(8, '2022_01_17_063328_create_transports_table', 1),
(9, '2022_01_17_063332_create_driver_images_table', 1),
(10, '2022_01_19_044045_create_orders_table', 1),
(11, '2022_01_19_045751_create_order_images_table', 1),
(12, '2022_01_19_054559_create_order_statuses_table', 1),
(13, '2022_01_19_060335_create_points_table', 1),
(14, '2022_01_19_061054_create_products_table', 1);

-- --------------------------------------------------------

--
-- Структура таблицы `orders`
--

CREATE TABLE `orders` (
  `id` bigint(20) UNSIGNED NOT NULL,
  `description` varchar(255) COLLATE utf8mb4_unicode_ci NOT NULL,
  `from` varchar(255) COLLATE utf8mb4_unicode_ci NOT NULL,
  `to` varchar(255) COLLATE utf8mb4_unicode_ci NOT NULL,
  `from_lat` int(11) NOT NULL,
  `from_long` int(11) NOT NULL,
  `to_lat` int(11) NOT NULL,
  `to_long` int(11) NOT NULL,
  `status` enum('send','accepted','in_process','declined','finished') COLLATE utf8mb4_unicode_ci NOT NULL DEFAULT 'send',
  `employee_id` bigint(20) UNSIGNED NOT NULL,
  `start_date` datetime NOT NULL,
  `end_date` datetime NOT NULL,
  `payment` enum('cash','card') COLLATE utf8mb4_unicode_ci NOT NULL,
  `price` int(11) NOT NULL,
  `from_city_id` bigint(20) UNSIGNED NOT NULL,
  `to_city_id` bigint(20) UNSIGNED NOT NULL,
  `created_at` timestamp NULL DEFAULT NULL,
  `updated_at` timestamp NULL DEFAULT NULL
) ENGINE=InnoDB DEFAULT CHARSET=utf8mb4 COLLATE=utf8mb4_unicode_ci;

--
-- Дамп данных таблицы `orders`
--

INSERT INTO `orders` (`id`, `description`, `from`, `to`, `from_lat`, `from_long`, `to_lat`, `to_long`, `status`, `employee_id`, `start_date`, `end_date`, `payment`, `price`, `from_city_id`, `to_city_id`, `created_at`, `updated_at`) VALUES
(1, 'Earum reprehenderit quia ut et ea.', 'Hirtheport', 'Schinnerborough', 2892, 696, 7163, 3174, 'send', 3, '2014-09-24 00:00:00', '2011-01-08 00:00:00', 'card', 44941, 2, 4, '2022-01-20 02:58:07', '2022-01-20 02:58:07'),
(2, 'Eaque iusto enim error veritatis.', 'East Reynold', 'East Vernie', 1030, 1926, 8145, 8581, 'send', 4, '2008-04-23 00:00:00', '1979-05-10 00:00:00', 'cash', 72505, 16, 14, '2022-01-20 02:58:07', '2022-01-20 02:58:07'),
(3, 'Eum voluptatem est animi voluptatem illum harum.', 'West Leopoldo', 'Broderickport', 6957, 9683, 4660, 8610, 'send', 6, '1971-09-01 00:00:00', '2018-05-01 00:00:00', 'cash', 37094, 17, 20, '2022-01-20 02:58:07', '2022-01-20 02:58:07'),
(4, 'Animi cumque soluta odio esse.', 'South Ozella', 'Camillaberg', 9284, 9054, 9802, 3285, 'send', 9, '1988-10-08 00:00:00', '2002-12-11 00:00:00', 'card', 52776, 9, 15, '2022-01-20 02:58:07', '2022-01-20 02:58:07'),
(5, 'Molestiae quibusdam a provident ut.', 'Miltonshire', 'Lake Fredrick', 8330, 6827, 7514, 4072, 'send', 8, '2010-12-04 00:00:00', '1980-12-10 00:00:00', 'card', 40093, 19, 3, '2022-01-20 02:58:07', '2022-01-20 02:58:07'),
(6, 'Voluptatem error sed numquam.', 'East Kayleyview', 'South Andres', 9859, 9888, 766, 5397, 'send', 10, '2006-11-26 00:00:00', '1995-02-18 00:00:00', 'cash', 34544, 16, 6, '2022-01-20 02:58:07', '2022-01-20 02:58:07'),
(7, 'Sint quisquam recusandae qui aut.', 'Louchester', 'Margarettamouth', 3737, 8066, 1898, 4627, 'send', 5, '1979-11-05 00:00:00', '1996-11-20 00:00:00', 'card', 49158, 15, 12, '2022-01-20 02:58:07', '2022-01-20 02:58:07'),
(8, 'Incidunt illum aspernatur minus.', 'Watersberg', 'Port Loyalburgh', 5712, 853, 9827, 7167, 'send', 2, '1984-04-27 00:00:00', '1999-12-15 00:00:00', 'cash', 88606, 20, 12, '2022-01-20 02:58:07', '2022-01-20 02:58:07'),
(9, 'Eum blanditiis qui et eveniet.', 'Port Allen', 'New Hassanhaven', 2135, 9459, 1955, 6702, 'send', 5, '1984-02-28 00:00:00', '2000-04-06 00:00:00', 'card', 89363, 15, 12, '2022-01-20 02:58:07', '2022-01-20 02:58:07'),
(10, 'Quae esse fuga aut voluptate tenetur.', 'Earleneton', 'Padbergchester', 8542, 82, 7829, 7250, 'send', 10, '2008-04-20 00:00:00', '1995-11-13 00:00:00', 'card', 52328, 2, 12, '2022-01-20 02:58:07', '2022-01-20 02:58:07'),
(11, 'Iusto magni voluptate quia magni.', 'Port Kadin', 'East Carroll', 8583, 4326, 6629, 861, 'send', 6, '2009-09-04 00:00:00', '1971-07-19 00:00:00', 'cash', 19155, 15, 16, '2022-01-20 02:58:07', '2022-01-20 02:58:07'),
(12, 'Iusto a ut eveniet et consequatur consequatur.', 'Sauerbury', 'Jadaland', 2272, 9785, 1049, 9042, 'send', 8, '2006-07-07 00:00:00', '1971-11-15 00:00:00', 'card', 79118, 11, 19, '2022-01-20 02:58:07', '2022-01-20 02:58:07'),
(13, 'Ex provident sed tempora.', 'Chesterfort', 'Uriahborough', 4543, 7605, 9638, 6012, 'send', 2, '2010-06-21 00:00:00', '1971-09-29 00:00:00', 'cash', 29229, 19, 13, '2022-01-20 02:58:07', '2022-01-20 02:58:07'),
(14, 'Dolore eum ut sequi.', 'Hettingermouth', 'Estevanland', 1427, 6800, 3785, 6973, 'send', 9, '2013-09-23 00:00:00', '1979-12-05 00:00:00', 'card', 62648, 16, 7, '2022-01-20 02:58:07', '2022-01-20 02:58:07'),
(15, 'Doloribus ea beatae eos aut.', 'Lake Eden', 'South Erikamouth', 5214, 460, 6915, 1758, 'send', 2, '2002-12-03 00:00:00', '1973-12-01 00:00:00', 'cash', 76126, 7, 8, '2022-01-20 02:58:07', '2022-01-20 02:58:07'),
(16, 'Mollitia eveniet officiis quia ipsum.', 'East Eldridge', 'Medhurstchester', 7989, 4405, 1086, 7680, 'send', 3, '2009-10-27 00:00:00', '1984-07-13 00:00:00', 'card', 11297, 12, 1, '2022-01-20 02:58:07', '2022-01-20 02:58:07'),
(17, 'Vel molestias quam quis.', 'East Aiden', 'Daleshire', 6293, 9837, 2960, 1516, 'send', 3, '2018-11-15 00:00:00', '1994-07-07 00:00:00', 'cash', 62116, 17, 5, '2022-01-20 02:58:07', '2022-01-20 02:58:07'),
(18, 'Facere minus vel rem quam eos exercitationem.', 'East Camryntown', 'Morarport', 7051, 6787, 950, 9253, 'send', 8, '1992-03-20 00:00:00', '1971-08-22 00:00:00', 'card', 54283, 12, 9, '2022-01-20 02:58:07', '2022-01-20 02:58:07'),
(19, 'Iure saepe quam sapiente sed cum qui quia sed.', 'Faustofurt', 'Assuntabury', 7718, 9182, 8546, 7867, 'send', 2, '2005-11-28 00:00:00', '1973-01-30 00:00:00', 'card', 31573, 1, 13, '2022-01-20 02:58:07', '2022-01-20 02:58:07'),
(20, 'Quia in aut laborum.', 'West Rosemarie', 'Tedside', 2754, 3932, 2193, 3293, 'send', 2, '2007-06-07 00:00:00', '1975-07-13 00:00:00', 'cash', 12997, 13, 9, '2022-01-20 02:58:07', '2022-01-20 02:58:07'),
(21, 'Culpa officiis voluptas enim nobis sed aut iusto.', 'Lake Millieland', 'Lebsackstad', 3871, 9823, 6653, 980, 'send', 1, '1998-05-10 00:00:00', '1980-02-29 00:00:00', 'cash', 17724, 5, 1, '2022-01-20 02:58:07', '2022-01-20 02:58:07'),
(22, 'Ut et sint quo fugit quae recusandae cupiditate.', 'New Ezequiel', 'Alexaville', 9907, 2631, 6913, 7495, 'send', 1, '1978-01-30 00:00:00', '1977-02-28 00:00:00', 'cash', 95928, 13, 19, '2022-01-20 02:58:07', '2022-01-20 02:58:07'),
(23, 'Sunt ut ut ut molestias.', 'North Zetta', 'West Madie', 4190, 4181, 1015, 1984, 'send', 1, '1973-05-30 00:00:00', '1994-12-09 00:00:00', 'cash', 44568, 1, 4, '2022-01-20 02:58:07', '2022-01-20 02:58:07'),
(24, 'Numquam ut est nam id possimus ea qui.', 'Binsfort', 'Kreigerland', 3405, 3749, 5580, 9267, 'send', 4, '1988-12-02 00:00:00', '2005-04-10 00:00:00', 'card', 93036, 10, 9, '2022-01-20 02:58:07', '2022-01-20 02:58:07'),
(25, 'Ut ex culpa quod tenetur provident dolores.', 'East Melody', 'Blockstad', 9694, 9970, 7487, 7759, 'send', 8, '2010-10-02 00:00:00', '1993-12-09 00:00:00', 'card', 62299, 1, 18, '2022-01-20 02:58:07', '2022-01-20 02:58:07'),
(26, 'Doloremque itaque id nihil et.', 'East Elmorebury', 'New Buster', 7752, 3767, 1177, 2500, 'send', 10, '2016-02-01 00:00:00', '1989-07-13 00:00:00', 'card', 87975, 12, 6, '2022-01-20 02:58:07', '2022-01-20 02:58:07'),
(27, 'In id ullam incidunt magnam.', 'East Jaycee', 'Hettieberg', 9003, 9292, 8125, 8174, 'send', 2, '1994-11-29 00:00:00', '1990-11-07 00:00:00', 'cash', 69799, 9, 17, '2022-01-20 02:58:07', '2022-01-20 02:58:07'),
(28, 'Sint omnis ipsa maiores.', 'Alfmouth', 'New Merritt', 7077, 6033, 5627, 5599, 'send', 3, '2001-01-04 00:00:00', '1982-09-18 00:00:00', 'cash', 20941, 9, 6, '2022-01-20 02:58:07', '2022-01-20 02:58:07'),
(29, 'Omnis magnam natus quae corrupti quia.', 'Adelbertton', 'Port Dorcasport', 9496, 2630, 2089, 5655, 'send', 9, '1980-11-16 00:00:00', '1984-07-08 00:00:00', 'card', 66619, 2, 11, '2022-01-20 02:58:07', '2022-01-20 02:58:07'),
(30, 'Facere sunt error non ut.', 'Lucieville', 'West Karen', 3121, 8521, 3562, 3195, 'send', 4, '2018-01-17 00:00:00', '1978-01-29 00:00:00', 'card', 74504, 10, 6, '2022-01-20 02:58:07', '2022-01-20 02:58:07'),
(31, 'Dicta sit ex quis vel unde.', 'Port Hans', 'Klingmouth', 119, 9681, 2183, 2783, 'send', 8, '1977-05-03 00:00:00', '2004-02-02 00:00:00', 'card', 75963, 8, 16, '2022-01-20 02:58:07', '2022-01-20 02:58:07'),
(32, 'Veniam nesciunt praesentium in.', 'Betsychester', 'Parkershire', 4237, 3725, 9543, 3190, 'send', 7, '1983-01-20 00:00:00', '1976-04-02 00:00:00', 'card', 10926, 20, 1, '2022-01-20 02:58:07', '2022-01-20 02:58:07'),
(33, 'Odit nisi maxime quis debitis.', 'South Devynmouth', 'South Yadirafort', 5223, 3072, 4438, 6269, 'send', 8, '1976-08-08 00:00:00', '1992-01-15 00:00:00', 'card', 32305, 12, 11, '2022-01-20 02:58:07', '2022-01-20 02:58:07'),
(34, 'Illo quidem consequatur qui inventore.', 'Lowechester', 'Vernonmouth', 2531, 3783, 3799, 903, 'send', 6, '2010-07-07 00:00:00', '2019-10-18 00:00:00', 'card', 26853, 1, 10, '2022-01-20 02:58:07', '2022-01-20 02:58:07'),
(35, 'Architecto voluptas quam est et.', 'New Dagmarshire', 'South Faye', 9885, 5210, 4855, 7528, 'send', 10, '2001-12-29 00:00:00', '1970-06-11 00:00:00', 'card', 75694, 4, 15, '2022-01-20 02:58:07', '2022-01-20 02:58:07'),
(36, 'Perferendis tenetur ut aut quia.', 'Boydhaven', 'New Sage', 1044, 9436, 2893, 2983, 'send', 7, '2008-05-25 00:00:00', '1976-10-01 00:00:00', 'card', 55163, 11, 7, '2022-01-20 02:58:07', '2022-01-20 02:58:07'),
(37, 'Provident iusto quia est labore ea.', 'Faytown', 'East Arno', 4168, 1231, 4491, 698, 'send', 7, '2002-09-25 00:00:00', '2012-06-03 00:00:00', 'card', 28160, 2, 19, '2022-01-20 02:58:07', '2022-01-20 02:58:07'),
(38, 'Quia sed velit asperiores minus sint.', 'North Caryton', 'Lindgrenborough', 471, 5383, 4258, 901, 'send', 3, '2011-06-21 00:00:00', '1987-06-13 00:00:00', 'cash', 42373, 14, 13, '2022-01-20 02:58:07', '2022-01-20 02:58:07'),
(39, 'Quis non asperiores omnis nostrum aut enim.', 'Lake Keshaunland', 'West Hayleeview', 8362, 6159, 8339, 3491, 'send', 1, '2012-04-20 00:00:00', '1990-03-30 00:00:00', 'card', 58286, 3, 16, '2022-01-20 02:58:07', '2022-01-20 02:58:07'),
(40, 'Voluptates ut suscipit repudiandae qui.', 'Alvertaville', 'South Mallie', 4578, 4447, 6476, 8137, 'send', 5, '2000-06-02 00:00:00', '1981-09-18 00:00:00', 'card', 11045, 9, 6, '2022-01-20 02:58:07', '2022-01-20 02:58:07'),
(41, 'Eum ea et exercitationem.', 'Elmoview', 'Jimmiestad', 9459, 7066, 2388, 9020, 'send', 7, '1986-10-02 00:00:00', '2010-07-19 00:00:00', 'card', 70386, 18, 1, '2022-01-20 02:58:07', '2022-01-20 02:58:07'),
(42, 'Illo occaecati quam deserunt ut sed voluptas.', 'Catherineside', 'South Kellyport', 6074, 9182, 8593, 8511, 'send', 10, '1983-03-24 00:00:00', '1972-10-24 00:00:00', 'card', 59129, 7, 6, '2022-01-20 02:58:07', '2022-01-20 02:58:07'),
(43, 'Vero maxime quos at distinctio.', 'East Louveniafort', 'Port Sydneytown', 212, 2910, 7926, 7122, 'send', 2, '2008-05-05 00:00:00', '1984-11-12 00:00:00', 'cash', 66262, 5, 2, '2022-01-20 02:58:07', '2022-01-20 02:58:07'),
(44, 'Eos quia perferendis id sint vel veritatis.', 'Cormierland', 'Brooketon', 6527, 9060, 4017, 6116, 'send', 1, '2015-08-26 00:00:00', '1986-03-29 00:00:00', 'card', 99444, 15, 13, '2022-01-20 02:58:07', '2022-01-20 02:58:07'),
(45, 'Quo voluptatem aut assumenda ea sed ipsum magnam.', 'West Duncanview', 'Forestberg', 2530, 5584, 4050, 1627, 'send', 4, '1984-09-08 00:00:00', '1982-04-24 00:00:00', 'card', 92744, 16, 13, '2022-01-20 02:58:07', '2022-01-20 02:58:07'),
(46, 'Necessitatibus eos aliquam aut.', 'Lake Haylee', 'Gibsonborough', 5125, 7214, 3785, 7349, 'send', 6, '1975-02-13 00:00:00', '1985-03-11 00:00:00', 'card', 24515, 18, 19, '2022-01-20 02:58:07', '2022-01-20 02:58:07'),
(47, 'Nihil rem quibusdam non voluptatem eos odio.', 'South Colin', 'Port Alisha', 5299, 5324, 7325, 4598, 'send', 10, '1994-04-11 00:00:00', '1978-02-21 00:00:00', 'cash', 26382, 20, 3, '2022-01-20 02:58:07', '2022-01-20 02:58:07'),
(48, 'Ea sed atque dolorem aut ea.', 'North Ambroseland', 'Steuberstad', 7611, 4988, 2554, 8651, 'send', 8, '2013-05-10 00:00:00', '2000-06-28 00:00:00', 'card', 26527, 17, 19, '2022-01-20 02:58:07', '2022-01-20 02:58:07'),
(49, 'Aut sint quisquam dolores asperiores libero sint.', 'New Aliya', 'Fredybury', 8288, 789, 5721, 8208, 'send', 6, '2002-12-18 00:00:00', '1973-12-22 00:00:00', 'card', 25864, 6, 5, '2022-01-20 02:58:07', '2022-01-20 02:58:07'),
(50, 'Et a dolorum minus et.', 'Port Agnes', 'Mayerville', 3922, 8138, 7075, 9261, 'send', 6, '2020-06-25 00:00:00', '1975-11-23 00:00:00', 'cash', 92142, 17, 1, '2022-01-20 02:58:07', '2022-01-20 02:58:07');

-- --------------------------------------------------------

--
-- Структура таблицы `order_images`
--

CREATE TABLE `order_images` (
  `id` bigint(20) UNSIGNED NOT NULL,
  `order_id` bigint(20) UNSIGNED NOT NULL,
  `path` varchar(255) COLLATE utf8mb4_unicode_ci NOT NULL,
  `created_at` timestamp NULL DEFAULT NULL,
  `updated_at` timestamp NULL DEFAULT NULL
) ENGINE=InnoDB DEFAULT CHARSET=utf8mb4 COLLATE=utf8mb4_unicode_ci;

--
-- Дамп данных таблицы `order_images`
--

INSERT INTO `order_images` (`id`, `order_id`, `path`, `created_at`, `updated_at`) VALUES
(1, 26, 'img/263', '2022-01-20 02:58:07', '2022-01-20 02:58:07'),
(2, 45, 'img/456', '2022-01-20 02:58:07', '2022-01-20 02:58:07'),
(3, 44, 'img/441', '2022-01-20 02:58:07', '2022-01-20 02:58:07'),
(4, 18, 'img/181', '2022-01-20 02:58:07', '2022-01-20 02:58:07'),
(5, 20, 'img/2010', '2022-01-20 02:58:07', '2022-01-20 02:58:07'),
(6, 37, 'img/377', '2022-01-20 02:58:07', '2022-01-20 02:58:07'),
(7, 44, 'img/449', '2022-01-20 02:58:07', '2022-01-20 02:58:07'),
(8, 19, 'img/196', '2022-01-20 02:58:07', '2022-01-20 02:58:07'),
(9, 36, 'img/3610', '2022-01-20 02:58:07', '2022-01-20 02:58:07'),
(10, 1, 'img/16', '2022-01-20 02:58:07', '2022-01-20 02:58:07'),
(11, 12, 'img/122', '2022-01-20 02:58:07', '2022-01-20 02:58:07'),
(12, 6, 'img/61', '2022-01-20 02:58:07', '2022-01-20 02:58:07'),
(13, 41, 'img/418', '2022-01-20 02:58:07', '2022-01-20 02:58:07'),
(14, 7, 'img/76', '2022-01-20 02:58:07', '2022-01-20 02:58:07'),
(15, 22, 'img/224', '2022-01-20 02:58:07', '2022-01-20 02:58:07'),
(16, 14, 'img/149', '2022-01-20 02:58:07', '2022-01-20 02:58:07'),
(17, 35, 'img/352', '2022-01-20 02:58:07', '2022-01-20 02:58:07'),
(18, 41, 'img/417', '2022-01-20 02:58:07', '2022-01-20 02:58:07'),
(19, 26, 'img/261', '2022-01-20 02:58:07', '2022-01-20 02:58:07'),
(20, 9, 'img/93', '2022-01-20 02:58:07', '2022-01-20 02:58:07'),
(21, 19, 'img/191', '2022-01-20 02:58:07', '2022-01-20 02:58:07'),
(22, 6, 'img/62', '2022-01-20 02:58:07', '2022-01-20 02:58:07'),
(23, 30, 'img/301', '2022-01-20 02:58:07', '2022-01-20 02:58:07'),
(24, 37, 'img/374', '2022-01-20 02:58:07', '2022-01-20 02:58:07'),
(25, 20, 'img/206', '2022-01-20 02:58:07', '2022-01-20 02:58:07'),
(26, 23, 'img/232', '2022-01-20 02:58:07', '2022-01-20 02:58:07'),
(27, 12, 'img/123', '2022-01-20 02:58:07', '2022-01-20 02:58:07'),
(28, 38, 'img/388', '2022-01-20 02:58:07', '2022-01-20 02:58:07'),
(29, 25, 'img/251', '2022-01-20 02:58:07', '2022-01-20 02:58:07'),
(30, 20, 'img/203', '2022-01-20 02:58:07', '2022-01-20 02:58:07'),
(31, 15, 'img/158', '2022-01-20 02:58:07', '2022-01-20 02:58:07'),
(32, 11, 'img/114', '2022-01-20 02:58:07', '2022-01-20 02:58:07'),
(33, 19, 'img/196', '2022-01-20 02:58:07', '2022-01-20 02:58:07'),
(34, 20, 'img/209', '2022-01-20 02:58:07', '2022-01-20 02:58:07'),
(35, 31, 'img/316', '2022-01-20 02:58:07', '2022-01-20 02:58:07'),
(36, 44, 'img/4410', '2022-01-20 02:58:07', '2022-01-20 02:58:07'),
(37, 36, 'img/365', '2022-01-20 02:58:07', '2022-01-20 02:58:07'),
(38, 40, 'img/403', '2022-01-20 02:58:07', '2022-01-20 02:58:07'),
(39, 13, 'img/136', '2022-01-20 02:58:07', '2022-01-20 02:58:07'),
(40, 25, 'img/255', '2022-01-20 02:58:07', '2022-01-20 02:58:07'),
(41, 7, 'img/76', '2022-01-20 02:58:07', '2022-01-20 02:58:07'),
(42, 20, 'img/209', '2022-01-20 02:58:07', '2022-01-20 02:58:07'),
(43, 9, 'img/910', '2022-01-20 02:58:07', '2022-01-20 02:58:07'),
(44, 39, 'img/395', '2022-01-20 02:58:07', '2022-01-20 02:58:07'),
(45, 11, 'img/112', '2022-01-20 02:58:07', '2022-01-20 02:58:07'),
(46, 10, 'img/105', '2022-01-20 02:58:07', '2022-01-20 02:58:07'),
(47, 34, 'img/346', '2022-01-20 02:58:07', '2022-01-20 02:58:07'),
(48, 37, 'img/379', '2022-01-20 02:58:07', '2022-01-20 02:58:07'),
(49, 23, 'img/236', '2022-01-20 02:58:07', '2022-01-20 02:58:07'),
(50, 48, 'img/481', '2022-01-20 02:58:07', '2022-01-20 02:58:07'),
(51, 15, 'img/156', '2022-01-20 02:58:07', '2022-01-20 02:58:07'),
(52, 48, 'img/487', '2022-01-20 02:58:07', '2022-01-20 02:58:07'),
(53, 34, 'img/349', '2022-01-20 02:58:07', '2022-01-20 02:58:07'),
(54, 37, 'img/373', '2022-01-20 02:58:07', '2022-01-20 02:58:07'),
(55, 34, 'img/348', '2022-01-20 02:58:07', '2022-01-20 02:58:07'),
(56, 41, 'img/419', '2022-01-20 02:58:07', '2022-01-20 02:58:07'),
(57, 31, 'img/312', '2022-01-20 02:58:07', '2022-01-20 02:58:07'),
(58, 29, 'img/292', '2022-01-20 02:58:07', '2022-01-20 02:58:07'),
(59, 32, 'img/324', '2022-01-20 02:58:07', '2022-01-20 02:58:07'),
(60, 43, 'img/439', '2022-01-20 02:58:07', '2022-01-20 02:58:07'),
(61, 38, 'img/382', '2022-01-20 02:58:07', '2022-01-20 02:58:07'),
(62, 9, 'img/93', '2022-01-20 02:58:07', '2022-01-20 02:58:07'),
(63, 13, 'img/135', '2022-01-20 02:58:07', '2022-01-20 02:58:07'),
(64, 39, 'img/391', '2022-01-20 02:58:07', '2022-01-20 02:58:07'),
(65, 5, 'img/58', '2022-01-20 02:58:07', '2022-01-20 02:58:07'),
(66, 3, 'img/32', '2022-01-20 02:58:07', '2022-01-20 02:58:07'),
(67, 13, 'img/1310', '2022-01-20 02:58:07', '2022-01-20 02:58:07'),
(68, 6, 'img/64', '2022-01-20 02:58:07', '2022-01-20 02:58:07'),
(69, 8, 'img/88', '2022-01-20 02:58:07', '2022-01-20 02:58:07'),
(70, 31, 'img/313', '2022-01-20 02:58:07', '2022-01-20 02:58:07'),
(71, 27, 'img/279', '2022-01-20 02:58:07', '2022-01-20 02:58:07'),
(72, 24, 'img/242', '2022-01-20 02:58:07', '2022-01-20 02:58:07'),
(73, 23, 'img/237', '2022-01-20 02:58:07', '2022-01-20 02:58:07'),
(74, 6, 'img/66', '2022-01-20 02:58:07', '2022-01-20 02:58:07'),
(75, 5, 'img/55', '2022-01-20 02:58:07', '2022-01-20 02:58:07'),
(76, 14, 'img/149', '2022-01-20 02:58:07', '2022-01-20 02:58:07'),
(77, 10, 'img/103', '2022-01-20 02:58:07', '2022-01-20 02:58:07'),
(78, 27, 'img/277', '2022-01-20 02:58:07', '2022-01-20 02:58:07'),
(79, 7, 'img/72', '2022-01-20 02:58:07', '2022-01-20 02:58:07'),
(80, 15, 'img/151', '2022-01-20 02:58:07', '2022-01-20 02:58:07'),
(81, 37, 'img/379', '2022-01-20 02:58:07', '2022-01-20 02:58:07'),
(82, 46, 'img/468', '2022-01-20 02:58:07', '2022-01-20 02:58:07'),
(83, 2, 'img/29', '2022-01-20 02:58:07', '2022-01-20 02:58:07'),
(84, 20, 'img/2010', '2022-01-20 02:58:07', '2022-01-20 02:58:07'),
(85, 39, 'img/394', '2022-01-20 02:58:07', '2022-01-20 02:58:07'),
(86, 36, 'img/362', '2022-01-20 02:58:07', '2022-01-20 02:58:07'),
(87, 43, 'img/4310', '2022-01-20 02:58:07', '2022-01-20 02:58:07'),
(88, 24, 'img/242', '2022-01-20 02:58:07', '2022-01-20 02:58:07'),
(89, 46, 'img/468', '2022-01-20 02:58:07', '2022-01-20 02:58:07'),
(90, 21, 'img/212', '2022-01-20 02:58:07', '2022-01-20 02:58:07'),
(91, 37, 'img/3710', '2022-01-20 02:58:07', '2022-01-20 02:58:07'),
(92, 29, 'img/297', '2022-01-20 02:58:07', '2022-01-20 02:58:07'),
(93, 13, 'img/136', '2022-01-20 02:58:07', '2022-01-20 02:58:07'),
(94, 4, 'img/48', '2022-01-20 02:58:07', '2022-01-20 02:58:07'),
(95, 35, 'img/3510', '2022-01-20 02:58:07', '2022-01-20 02:58:07'),
(96, 26, 'img/265', '2022-01-20 02:58:07', '2022-01-20 02:58:07'),
(97, 30, 'img/305', '2022-01-20 02:58:07', '2022-01-20 02:58:07'),
(98, 16, 'img/166', '2022-01-20 02:58:07', '2022-01-20 02:58:07'),
(99, 31, 'img/316', '2022-01-20 02:58:07', '2022-01-20 02:58:07'),
(100, 10, 'img/103', '2022-01-20 02:58:07', '2022-01-20 02:58:07');

-- --------------------------------------------------------

--
-- Структура таблицы `order_statuses`
--

CREATE TABLE `order_statuses` (
  `id` bigint(20) UNSIGNED NOT NULL,
  `order_id` bigint(20) UNSIGNED NOT NULL,
  `user_id` bigint(20) UNSIGNED NOT NULL,
  `status` enum('send','accepted','in_process','declined','finished') COLLATE utf8mb4_unicode_ci NOT NULL DEFAULT 'send',
  `created_at` timestamp NULL DEFAULT NULL,
  `updated_at` timestamp NULL DEFAULT NULL
) ENGINE=InnoDB DEFAULT CHARSET=utf8mb4 COLLATE=utf8mb4_unicode_ci;

-- --------------------------------------------------------

--
-- Структура таблицы `personal_access_tokens`
--

CREATE TABLE `personal_access_tokens` (
  `id` bigint(20) UNSIGNED NOT NULL,
  `tokenable_type` varchar(255) COLLATE utf8mb4_unicode_ci NOT NULL,
  `tokenable_id` bigint(20) UNSIGNED NOT NULL,
  `name` varchar(255) COLLATE utf8mb4_unicode_ci NOT NULL,
  `token` varchar(64) COLLATE utf8mb4_unicode_ci NOT NULL,
  `abilities` text COLLATE utf8mb4_unicode_ci,
  `last_used_at` timestamp NULL DEFAULT NULL,
  `created_at` timestamp NULL DEFAULT NULL,
  `updated_at` timestamp NULL DEFAULT NULL
) ENGINE=InnoDB DEFAULT CHARSET=utf8mb4 COLLATE=utf8mb4_unicode_ci;

-- --------------------------------------------------------

--
-- Структура таблицы `points`
--

CREATE TABLE `points` (
  `id` bigint(20) UNSIGNED NOT NULL,
  `order_id` bigint(20) UNSIGNED NOT NULL,
  `name` varchar(255) COLLATE utf8mb4_unicode_ci NOT NULL,
  `address` varchar(255) COLLATE utf8mb4_unicode_ci NOT NULL,
  `status` enum('in_process','finished') COLLATE utf8mb4_unicode_ci NOT NULL DEFAULT 'in_process',
  `date` datetime NOT NULL,
  `from` varchar(255) COLLATE utf8mb4_unicode_ci DEFAULT NULL,
  `to` varchar(255) COLLATE utf8mb4_unicode_ci DEFAULT NULL,
  `from_lat` int(11) DEFAULT NULL,
  `from_long` int(11) DEFAULT NULL,
  `to_lat` int(11) DEFAULT NULL,
  `to_long` int(11) DEFAULT NULL,
  `created_at` timestamp NULL DEFAULT NULL,
  `updated_at` timestamp NULL DEFAULT NULL
) ENGINE=InnoDB DEFAULT CHARSET=utf8mb4 COLLATE=utf8mb4_unicode_ci;

--
-- Дамп данных таблицы `points`
--

INSERT INTO `points` (`id`, `order_id`, `name`, `address`, `status`, `date`, `from`, `to`, `from_lat`, `from_long`, `to_lat`, `to_long`, `created_at`, `updated_at`) VALUES
(1, 3, 'Marcelo Douglas', '94604 Hiram Mountain Apt. 755\nNew Anabelle, MA 04226', 'in_process', '2021-07-18 00:00:00', NULL, NULL, NULL, NULL, NULL, NULL, '2022-01-20 02:58:07', '2022-01-20 02:58:07'),
(2, 26, 'Wade King', '1579 Johns Pike Suite 273\nNew Lambert, OK 77429', 'in_process', '2016-08-22 00:00:00', NULL, NULL, NULL, NULL, NULL, NULL, '2022-01-20 02:58:07', '2022-01-20 02:58:07'),
(3, 18, 'Layla Cole', '1906 Derick Forges Suite 458\nSchmelerborough, NY 98274-3625', 'in_process', '2016-10-21 00:00:00', NULL, NULL, NULL, NULL, NULL, NULL, '2022-01-20 02:58:07', '2022-01-20 02:58:07'),
(4, 33, 'Branson Hoppe', '7167 Kayley Neck\nGislasonmouth, SC 99794-0269', 'in_process', '2020-08-16 00:00:00', NULL, NULL, NULL, NULL, NULL, NULL, '2022-01-20 02:58:07', '2022-01-20 02:58:07'),
(5, 12, 'Dr. Titus Reilly', '21462 Emmerich Street Apt. 595\nKieranshire, AR 06428-3416', 'in_process', '2021-10-27 00:00:00', NULL, NULL, NULL, NULL, NULL, NULL, '2022-01-20 02:58:07', '2022-01-20 02:58:07'),
(6, 15, 'Vernie Hermann', '7584 Bins Ridges Suite 780\nLake Mercedes, ND 20992', 'in_process', '2018-10-10 00:00:00', NULL, NULL, NULL, NULL, NULL, NULL, '2022-01-20 02:58:07', '2022-01-20 02:58:07'),
(7, 16, 'Prof. Tomas Morar IV', '21250 Marvin Parkway\nRhodabury, NM 08421-5838', 'in_process', '2021-11-08 00:00:00', NULL, NULL, NULL, NULL, NULL, NULL, '2022-01-20 02:58:07', '2022-01-20 02:58:07'),
(8, 22, 'Miss Shakira Thompson', '286 Simonis Fields Apt. 183\nKyleside, ME 21650', 'in_process', '2019-02-03 00:00:00', NULL, NULL, NULL, NULL, NULL, NULL, '2022-01-20 02:58:07', '2022-01-20 02:58:07'),
(9, 35, 'Dr. Mortimer King Jr.', '2557 Boris Centers\nZboncakland, WA 23075-2497', 'in_process', '2020-07-19 00:00:00', NULL, NULL, NULL, NULL, NULL, NULL, '2022-01-20 02:58:07', '2022-01-20 02:58:07'),
(10, 18, 'Myrtle Bailey Sr.', '272 Mueller Circles Suite 026\nBechtelarstad, KY 12856', 'in_process', '2017-01-01 00:00:00', NULL, NULL, NULL, NULL, NULL, NULL, '2022-01-20 02:58:07', '2022-01-20 02:58:07'),
(11, 12, 'Viva Mohr', '6709 Jaylon Mountain Apt. 429\nLeopoldton, LA 03102-9675', 'in_process', '2020-07-08 00:00:00', NULL, NULL, NULL, NULL, NULL, NULL, '2022-01-20 02:58:07', '2022-01-20 02:58:07'),
(12, 24, 'Rolando Glover', '85969 Schaden Union Apt. 467\nPort Gina, NH 49286', 'in_process', '2016-12-13 00:00:00', NULL, NULL, NULL, NULL, NULL, NULL, '2022-01-20 02:58:07', '2022-01-20 02:58:07'),
(13, 38, 'Selena Rutherford', '664 Evangeline Pass Suite 882\nEast Connerfort, ME 21552', 'in_process', '2021-04-12 00:00:00', NULL, NULL, NULL, NULL, NULL, NULL, '2022-01-20 02:58:07', '2022-01-20 02:58:07'),
(14, 40, 'Casandra Hill', '7125 Daugherty Walks Apt. 971\nNicolasstad, NH 81195-1823', 'in_process', '2018-09-18 00:00:00', NULL, NULL, NULL, NULL, NULL, NULL, '2022-01-20 02:58:07', '2022-01-20 02:58:07'),
(15, 4, 'Dangelo Heidenreich', '80422 Herman Mission Suite 907\nSouth Myleneshire, AK 34498', 'in_process', '2020-04-05 00:00:00', NULL, NULL, NULL, NULL, NULL, NULL, '2022-01-20 02:58:07', '2022-01-20 02:58:07'),
(16, 47, 'Bennett Morar DDS', '21646 Cullen Haven Suite 398\nNew Janelleland, ND 16820', 'in_process', '2019-07-13 00:00:00', NULL, NULL, NULL, NULL, NULL, NULL, '2022-01-20 02:58:07', '2022-01-20 02:58:07'),
(17, 46, 'Sid Kovacek', '43780 Abdiel Lodge\nNorth Khalil, WI 74344', 'in_process', '2019-11-30 00:00:00', NULL, NULL, NULL, NULL, NULL, NULL, '2022-01-20 02:58:07', '2022-01-20 02:58:07'),
(18, 11, 'Andres Harber', '76601 Rollin Rue\nNew Borisborough, MN 10995', 'in_process', '2018-06-24 00:00:00', NULL, NULL, NULL, NULL, NULL, NULL, '2022-01-20 02:58:07', '2022-01-20 02:58:07'),
(19, 19, 'Ms. Sydni Ebert MD', '14425 Green Throughway\nOphelialand, FL 23352-0956', 'in_process', '2017-10-26 00:00:00', NULL, NULL, NULL, NULL, NULL, NULL, '2022-01-20 02:58:07', '2022-01-20 02:58:07'),
(20, 36, 'Tiara Trantow', '4814 Graham Court\nLake Dylantown, FL 94766', 'in_process', '2021-03-16 00:00:00', NULL, NULL, NULL, NULL, NULL, NULL, '2022-01-20 02:58:07', '2022-01-20 02:58:07'),
(21, 15, 'Sydnee Smith', '525 Runte Lakes Suite 289\nWest Cordia, FL 74362', 'in_process', '2018-03-15 00:00:00', NULL, NULL, NULL, NULL, NULL, NULL, '2022-01-20 02:58:07', '2022-01-20 02:58:07'),
(22, 8, 'Dr. Roberto Medhurst', '70432 Wade Divide Apt. 276\nGislasonland, AR 72735', 'in_process', '2019-03-30 00:00:00', NULL, NULL, NULL, NULL, NULL, NULL, '2022-01-20 02:58:07', '2022-01-20 02:58:07'),
(23, 12, 'Mrs. Shany Jacobi', '209 Delphia Club Apt. 931\nWest Tess, WI 38486', 'in_process', '2019-03-24 00:00:00', NULL, NULL, NULL, NULL, NULL, NULL, '2022-01-20 02:58:07', '2022-01-20 02:58:07'),
(24, 17, 'Payton Stracke', '850 Geoffrey Club Suite 792\nRippinstad, GA 50252-3615', 'in_process', '2019-11-21 00:00:00', NULL, NULL, NULL, NULL, NULL, NULL, '2022-01-20 02:58:07', '2022-01-20 02:58:07'),
(25, 38, 'Veronica Cronin', '208 Rosetta Street Apt. 796\nNew Jedidiahburgh, FL 64125', 'in_process', '2021-12-21 00:00:00', NULL, NULL, NULL, NULL, NULL, NULL, '2022-01-20 02:58:07', '2022-01-20 02:58:07'),
(26, 19, 'Kameron Graham', '914 Wyman Village\nPort Abbie, UT 05820-7060', 'in_process', '2017-09-21 00:00:00', NULL, NULL, NULL, NULL, NULL, NULL, '2022-01-20 02:58:07', '2022-01-20 02:58:07'),
(27, 34, 'Delilah Johnson DDS', '7086 Florine Island\nEast Marlene, WI 50964-3119', 'in_process', '2019-07-18 00:00:00', NULL, NULL, NULL, NULL, NULL, NULL, '2022-01-20 02:58:07', '2022-01-20 02:58:07'),
(28, 28, 'Arnaldo Senger', '898 Rossie Rest Apt. 198\nSouth Jeradfurt, NY 85549', 'in_process', '2017-05-02 00:00:00', NULL, NULL, NULL, NULL, NULL, NULL, '2022-01-20 02:58:07', '2022-01-20 02:58:07'),
(29, 41, 'Mr. Jordyn Crooks V', '5486 Fatima Grove Apt. 217\nPort Marlenbury, NC 22465', 'in_process', '2019-07-05 00:00:00', NULL, NULL, NULL, NULL, NULL, NULL, '2022-01-20 02:58:07', '2022-01-20 02:58:07'),
(30, 5, 'Mrs. Hillary Tremblay I', '266 Karson Pines Apt. 579\nNorth Alaina, AR 90279-0839', 'in_process', '2019-09-14 00:00:00', NULL, NULL, NULL, NULL, NULL, NULL, '2022-01-20 02:58:07', '2022-01-20 02:58:07'),
(31, 17, 'Chesley Stanton', '909 Ricky Skyway\nFranciscaside, OK 70709', 'in_process', '2019-09-15 00:00:00', NULL, NULL, NULL, NULL, NULL, NULL, '2022-01-20 02:58:07', '2022-01-20 02:58:07'),
(32, 19, 'Joannie Collins', '427 Sallie Forks\nNew Lucystad, TX 48266-4160', 'in_process', '2017-10-09 00:00:00', NULL, NULL, NULL, NULL, NULL, NULL, '2022-01-20 02:58:07', '2022-01-20 02:58:07'),
(33, 41, 'Patricia Fritsch', '6006 Everett Ports Suite 643\nLawsonburgh, IN 64342-8031', 'in_process', '2017-12-26 00:00:00', NULL, NULL, NULL, NULL, NULL, NULL, '2022-01-20 02:58:07', '2022-01-20 02:58:07'),
(34, 13, 'Mrs. Libby Fahey', '14169 Bailey Street\nDarianbury, MA 91806', 'in_process', '2021-04-04 00:00:00', NULL, NULL, NULL, NULL, NULL, NULL, '2022-01-20 02:58:07', '2022-01-20 02:58:07'),
(35, 39, 'Adeline Von', '293 Vance Run Apt. 890\nLake Nathan, KY 61840', 'in_process', '2018-06-22 00:00:00', NULL, NULL, NULL, NULL, NULL, NULL, '2022-01-20 02:58:07', '2022-01-20 02:58:07'),
(36, 44, 'Ashlee Zulauf', '442 Maxie Loaf Apt. 850\nLorinemouth, MD 86694-4478', 'in_process', '2021-02-01 00:00:00', NULL, NULL, NULL, NULL, NULL, NULL, '2022-01-20 02:58:07', '2022-01-20 02:58:07'),
(37, 12, 'Elvera VonRueden', '38756 Welch Trace\nPort Toreyville, TN 44387', 'in_process', '2020-01-11 00:00:00', NULL, NULL, NULL, NULL, NULL, NULL, '2022-01-20 02:58:07', '2022-01-20 02:58:07'),
(38, 16, 'Amari Kuhlman', '20665 White Point\nTabithaport, MA 97845-9030', 'in_process', '2021-02-01 00:00:00', NULL, NULL, NULL, NULL, NULL, NULL, '2022-01-20 02:58:07', '2022-01-20 02:58:07'),
(39, 29, 'Mr. Nathen Collier', '9319 Afton Wells Apt. 920\nSchmidtport, NY 74469-7227', 'in_process', '2021-04-20 00:00:00', NULL, NULL, NULL, NULL, NULL, NULL, '2022-01-20 02:58:07', '2022-01-20 02:58:07'),
(40, 8, 'Prof. Vicente Jaskolski', '27596 Legros Station Suite 792\nEast Vance, NC 31352', 'in_process', '2017-01-05 00:00:00', NULL, NULL, NULL, NULL, NULL, NULL, '2022-01-20 02:58:07', '2022-01-20 02:58:07'),
(41, 27, 'Juvenal Wuckert', '3584 Rosanna Streets\nTylerside, MD 33000-7016', 'in_process', '2021-10-19 00:00:00', NULL, NULL, NULL, NULL, NULL, NULL, '2022-01-20 02:58:07', '2022-01-20 02:58:07'),
(42, 28, 'Cathrine Grant', '33078 Barrows Flats Apt. 822\nSouth Clare, WV 45475-4822', 'in_process', '2018-06-18 00:00:00', NULL, NULL, NULL, NULL, NULL, NULL, '2022-01-20 02:58:07', '2022-01-20 02:58:07'),
(43, 19, 'Reyna Shields', '846 Torphy Parkway\nPort Murphy, NV 92596-0729', 'in_process', '2016-08-15 00:00:00', NULL, NULL, NULL, NULL, NULL, NULL, '2022-01-20 02:58:07', '2022-01-20 02:58:07'),
(44, 49, 'Stefanie Powlowski', '952 Everett Lakes Apt. 170\nPort Bernhard, NV 49710-6274', 'in_process', '2017-03-03 00:00:00', NULL, NULL, NULL, NULL, NULL, NULL, '2022-01-20 02:58:07', '2022-01-20 02:58:07'),
(45, 18, 'Dr. Kristoffer Bednar Jr.', '541 Imogene Landing\nAlbertchester, CT 09019', 'in_process', '2021-10-28 00:00:00', NULL, NULL, NULL, NULL, NULL, NULL, '2022-01-20 02:58:07', '2022-01-20 02:58:07'),
(46, 39, 'Dr. Hiram Deckow', '609 Kozey Circle Suite 125\nPort Fidelside, AR 61580', 'in_process', '2018-01-09 00:00:00', NULL, NULL, NULL, NULL, NULL, NULL, '2022-01-20 02:58:07', '2022-01-20 02:58:07'),
(47, 45, 'Antoinette Crist DDS', '570 Bechtelar Cliffs Apt. 659\nRitchietown, SC 64153', 'in_process', '2017-05-11 00:00:00', NULL, NULL, NULL, NULL, NULL, NULL, '2022-01-20 02:58:07', '2022-01-20 02:58:07'),
(48, 11, 'Renee Gleason', '386 Rippin Burgs Apt. 106\nOkunevachester, OR 25369-2655', 'in_process', '2021-09-28 00:00:00', NULL, NULL, NULL, NULL, NULL, NULL, '2022-01-20 02:58:07', '2022-01-20 02:58:07'),
(49, 12, 'Royce Bahringer', '61311 Kihn Knolls\nCarterfurt, MD 53005-7096', 'in_process', '2020-08-18 00:00:00', NULL, NULL, NULL, NULL, NULL, NULL, '2022-01-20 02:58:07', '2022-01-20 02:58:07'),
(50, 33, 'Viola Emard', '711 Kurt Flats\nSchummland, MA 97431', 'in_process', '2017-07-25 00:00:00', NULL, NULL, NULL, NULL, NULL, NULL, '2022-01-20 02:58:07', '2022-01-20 02:58:07'),
(51, 26, 'Prof. Ross Bashirian MD', '7025 Bret Streets\nChristiansenfort, MD 48725', 'in_process', '2018-06-22 00:00:00', NULL, NULL, NULL, NULL, NULL, NULL, '2022-01-20 02:58:07', '2022-01-20 02:58:07'),
(52, 3, 'Maida Dach DVM', '65618 King Fields Apt. 373\nSouth Minniehaven, NJ 03910', 'in_process', '2018-05-26 00:00:00', NULL, NULL, NULL, NULL, NULL, NULL, '2022-01-20 02:58:07', '2022-01-20 02:58:07'),
(53, 9, 'Marlene Romaguera', '389 Raynor Expressway Suite 996\nNorth Emely, AL 12891', 'in_process', '2017-01-25 00:00:00', NULL, NULL, NULL, NULL, NULL, NULL, '2022-01-20 02:58:07', '2022-01-20 02:58:07'),
(54, 19, 'Breanna Kuhn', '8735 Cecil Highway\nEmmerichchester, OH 65116', 'in_process', '2017-09-02 00:00:00', NULL, NULL, NULL, NULL, NULL, NULL, '2022-01-20 02:58:07', '2022-01-20 02:58:07'),
(55, 20, 'Libby Kertzmann', '90040 Macejkovic Square Suite 860\nWest Hiram, RI 38622', 'in_process', '2017-06-06 00:00:00', NULL, NULL, NULL, NULL, NULL, NULL, '2022-01-20 02:58:07', '2022-01-20 02:58:07'),
(56, 18, 'Joaquin Cummerata', '362 Carlo Spurs\nAurorechester, MD 03770', 'in_process', '2021-12-03 00:00:00', NULL, NULL, NULL, NULL, NULL, NULL, '2022-01-20 02:58:07', '2022-01-20 02:58:07'),
(57, 5, 'Halle Effertz', '5659 Alycia Mews Apt. 491\nJazlyntown, WI 96995', 'in_process', '2016-10-10 00:00:00', NULL, NULL, NULL, NULL, NULL, NULL, '2022-01-20 02:58:07', '2022-01-20 02:58:07'),
(58, 11, 'Dr. Alberta Baumbach', '922 Harber Mountains Suite 103\nLake Loyceton, NJ 93624', 'in_process', '2018-01-14 00:00:00', NULL, NULL, NULL, NULL, NULL, NULL, '2022-01-20 02:58:07', '2022-01-20 02:58:07'),
(59, 47, 'Liana Deckow', '22315 Gorczany Spurs Apt. 722\nPort Sharon, NV 67920-2415', 'in_process', '2020-09-18 00:00:00', NULL, NULL, NULL, NULL, NULL, NULL, '2022-01-20 02:58:07', '2022-01-20 02:58:07'),
(60, 25, 'Mr. Newton Crist DVM', '45193 Miller Crossing Suite 968\nLake Aylin, WI 18839-3695', 'in_process', '2020-11-07 00:00:00', NULL, NULL, NULL, NULL, NULL, NULL, '2022-01-20 02:58:07', '2022-01-20 02:58:07'),
(61, 29, 'Brody Jaskolski', '44805 Heber Fall Suite 117\nJonesmouth, KY 77620', 'in_process', '2021-01-16 00:00:00', NULL, NULL, NULL, NULL, NULL, NULL, '2022-01-20 02:58:07', '2022-01-20 02:58:07'),
(62, 4, 'Dr. Corene Rath', '114 Altenwerth Loop Suite 206\nKarlfort, NV 69141', 'in_process', '2020-10-24 00:00:00', NULL, NULL, NULL, NULL, NULL, NULL, '2022-01-20 02:58:07', '2022-01-20 02:58:07'),
(63, 10, 'Prof. Landen Jacobi', '3823 Eldridge Curve\nGonzalotown, TX 23600', 'in_process', '2019-05-22 00:00:00', NULL, NULL, NULL, NULL, NULL, NULL, '2022-01-20 02:58:07', '2022-01-20 02:58:07'),
(64, 42, 'Mrs. Carmella Breitenberg', '30531 Lueilwitz Fields\nNew Garret, ND 89132-5231', 'in_process', '2020-04-06 00:00:00', NULL, NULL, NULL, NULL, NULL, NULL, '2022-01-20 02:58:07', '2022-01-20 02:58:07'),
(65, 45, 'Eleanora Considine', '39074 Ruth Plains Suite 948\nDeebury, WV 63904-0643', 'in_process', '2020-08-18 00:00:00', NULL, NULL, NULL, NULL, NULL, NULL, '2022-01-20 02:58:07', '2022-01-20 02:58:07'),
(66, 44, 'Ms. Katherine Watsica MD', '912 Raquel Stream\nEllieton, AK 38112-6836', 'in_process', '2017-06-02 00:00:00', NULL, NULL, NULL, NULL, NULL, NULL, '2022-01-20 02:58:07', '2022-01-20 02:58:07'),
(67, 38, 'Nakia Prohaska IV', '7434 McClure Pass Suite 901\nNorth Aydenmouth, MO 35074-8440', 'in_process', '2019-01-19 00:00:00', NULL, NULL, NULL, NULL, NULL, NULL, '2022-01-20 02:58:07', '2022-01-20 02:58:07'),
(68, 27, 'Mayra Nicolas II', '76817 Enid Path\nSigmundtown, MD 58727', 'in_process', '2018-04-08 00:00:00', NULL, NULL, NULL, NULL, NULL, NULL, '2022-01-20 02:58:07', '2022-01-20 02:58:07'),
(69, 50, 'Elmer Kiehn', '50822 Breitenberg Island\nMaribeltown, MA 58170-1925', 'in_process', '2019-07-23 00:00:00', NULL, NULL, NULL, NULL, NULL, NULL, '2022-01-20 02:58:07', '2022-01-20 02:58:07'),
(70, 21, 'Dr. Kitty Koch I', '99554 Little Alley\nOlsonborough, NM 81680', 'in_process', '2017-10-24 00:00:00', NULL, NULL, NULL, NULL, NULL, NULL, '2022-01-20 02:58:07', '2022-01-20 02:58:07'),
(71, 3, 'Marjorie Schaden', '96570 Swift Stravenue\nEast Marie, IA 48078', 'in_process', '2016-12-04 00:00:00', NULL, NULL, NULL, NULL, NULL, NULL, '2022-01-20 02:58:07', '2022-01-20 02:58:07'),
(72, 43, 'Ruthe Rohan', '92579 Marcelo Field Apt. 577\nTressieview, MT 01872', 'in_process', '2021-05-20 00:00:00', NULL, NULL, NULL, NULL, NULL, NULL, '2022-01-20 02:58:07', '2022-01-20 02:58:07'),
(73, 24, 'Dr. Betsy Cartwright I', '4369 Elise Extensions Apt. 285\nRonberg, OR 70002-7907', 'in_process', '2019-12-01 00:00:00', NULL, NULL, NULL, NULL, NULL, NULL, '2022-01-20 02:58:07', '2022-01-20 02:58:07'),
(74, 50, 'Dr. Saul Bednar II', '469 Kendrick Fall Suite 973\nRobertsfurt, CA 86479-6530', 'in_process', '2020-03-25 00:00:00', NULL, NULL, NULL, NULL, NULL, NULL, '2022-01-20 02:58:07', '2022-01-20 02:58:07'),
(75, 48, 'August Kuphal', '8779 Alexandra Mountain\nMarielletown, OK 09665-3738', 'in_process', '2019-02-08 00:00:00', NULL, NULL, NULL, NULL, NULL, NULL, '2022-01-20 02:58:07', '2022-01-20 02:58:07'),
(76, 49, 'Myrtis Gerhold', '8883 Name Views Apt. 110\nOmaville, DC 88371-2731', 'in_process', '2021-05-25 00:00:00', NULL, NULL, NULL, NULL, NULL, NULL, '2022-01-20 02:58:07', '2022-01-20 02:58:07'),
(77, 14, 'Miss Era Durgan', '932 Keira Overpass Suite 021\nNorth Maxime, HI 18787', 'in_process', '2020-09-04 00:00:00', NULL, NULL, NULL, NULL, NULL, NULL, '2022-01-20 02:58:07', '2022-01-20 02:58:07'),
(78, 38, 'Katheryn Wiza', '823 Tremblay Fort Apt. 937\nWardfort, OK 78909-6733', 'in_process', '2020-07-28 00:00:00', NULL, NULL, NULL, NULL, NULL, NULL, '2022-01-20 02:58:07', '2022-01-20 02:58:07'),
(79, 28, 'Suzanne Bernhard', '50173 Prohaska Inlet\nLuettgenmouth, GA 50597', 'in_process', '2021-07-25 00:00:00', NULL, NULL, NULL, NULL, NULL, NULL, '2022-01-20 02:58:07', '2022-01-20 02:58:07'),
(80, 24, 'Mrs. Cristal Powlowski I', '38374 Cremin Burg Suite 547\nSouth Erika, VA 21179', 'in_process', '2020-06-09 00:00:00', NULL, NULL, NULL, NULL, NULL, NULL, '2022-01-20 02:58:07', '2022-01-20 02:58:07'),
(81, 37, 'Carleton Okuneva', '23444 Edyth Squares Apt. 935\nNorth Gaylord, AL 39310', 'in_process', '2021-07-16 00:00:00', NULL, NULL, NULL, NULL, NULL, NULL, '2022-01-20 02:58:07', '2022-01-20 02:58:07'),
(82, 28, 'Mrs. Hanna Trantow', '40056 Grady Islands\nDuBuquebury, IA 58705', 'in_process', '2020-02-28 00:00:00', NULL, NULL, NULL, NULL, NULL, NULL, '2022-01-20 02:58:07', '2022-01-20 02:58:07'),
(83, 3, 'Kristina Cummings', '953 Denesik Point\nSouth Earnestine, IL 01623-0188', 'in_process', '2017-05-27 00:00:00', NULL, NULL, NULL, NULL, NULL, NULL, '2022-01-20 02:58:07', '2022-01-20 02:58:07'),
(84, 40, 'Annette Boehm', '33584 Corkery Dam Apt. 853\nFrederikfort, KS 40110', 'in_process', '2017-11-03 00:00:00', NULL, NULL, NULL, NULL, NULL, NULL, '2022-01-20 02:58:07', '2022-01-20 02:58:07'),
(85, 29, 'Ms. Bert Padberg', '9983 Schaden Brooks Suite 150\nEast Kiannaview, FL 01813', 'in_process', '2016-07-30 00:00:00', NULL, NULL, NULL, NULL, NULL, NULL, '2022-01-20 02:58:07', '2022-01-20 02:58:07'),
(86, 17, 'Samir Bruen', '646 Feil Tunnel Apt. 242\nMullerview, IA 83577', 'in_process', '2021-08-30 00:00:00', NULL, NULL, NULL, NULL, NULL, NULL, '2022-01-20 02:58:07', '2022-01-20 02:58:07'),
(87, 1, 'Kara Ward', '40405 Greenfelder Rapid\nVolkmanfort, ID 31720', 'in_process', '2019-08-17 00:00:00', NULL, NULL, NULL, NULL, NULL, NULL, '2022-01-20 02:58:07', '2022-01-20 02:58:07'),
(88, 38, 'Prof. Imogene Hill', '31355 Sallie Shoal Suite 132\nAllisonshire, GA 40276-4321', 'in_process', '2017-05-06 00:00:00', NULL, NULL, NULL, NULL, NULL, NULL, '2022-01-20 02:58:07', '2022-01-20 02:58:07'),
(89, 23, 'Garrick Nitzsche', '90945 Osinski Road\nLockmanland, IN 34456', 'in_process', '2017-07-15 00:00:00', NULL, NULL, NULL, NULL, NULL, NULL, '2022-01-20 02:58:07', '2022-01-20 02:58:07'),
(90, 18, 'Prof. Nico Carroll', '795 Runte Estate Apt. 281\nNorth Easterfurt, DC 80780-0384', 'in_process', '2019-05-14 00:00:00', NULL, NULL, NULL, NULL, NULL, NULL, '2022-01-20 02:58:07', '2022-01-20 02:58:07'),
(91, 1, 'Dr. Claud Ratke DVM', '74862 Alycia Forges Apt. 442\nZemlakfurt, NY 53386', 'in_process', '2019-09-01 00:00:00', NULL, NULL, NULL, NULL, NULL, NULL, '2022-01-20 02:58:07', '2022-01-20 02:58:07'),
(92, 23, 'Lenore Schmeler DVM', '5036 Nienow Well\nNorth Jaydonfort, MO 53473-2837', 'in_process', '2017-09-02 00:00:00', NULL, NULL, NULL, NULL, NULL, NULL, '2022-01-20 02:58:07', '2022-01-20 02:58:07'),
(93, 39, 'Jefferey Feil', '2061 Raquel Turnpike\nLake Lilliana, IL 04979-7126', 'in_process', '2020-09-07 00:00:00', NULL, NULL, NULL, NULL, NULL, NULL, '2022-01-20 02:58:07', '2022-01-20 02:58:07'),
(94, 44, 'Miss Tamara Auer', '88136 Cruickshank Mill Suite 354\nMullerton, FL 14671-3442', 'in_process', '2017-01-23 00:00:00', NULL, NULL, NULL, NULL, NULL, NULL, '2022-01-20 02:58:07', '2022-01-20 02:58:07'),
(95, 31, 'Dr. Christ Marquardt I', '28879 Amya Squares Suite 682\nBlicktown, FL 83730', 'in_process', '2019-10-09 00:00:00', NULL, NULL, NULL, NULL, NULL, NULL, '2022-01-20 02:58:07', '2022-01-20 02:58:07'),
(96, 42, 'Elsa Breitenberg', '564 Regan Rapid\nPort Kole, WV 11550', 'in_process', '2018-07-14 00:00:00', NULL, NULL, NULL, NULL, NULL, NULL, '2022-01-20 02:58:07', '2022-01-20 02:58:07'),
(97, 22, 'Armand Windler II', '3625 Tillman Ridges\nJaydonstad, PA 79380-7771', 'in_process', '2016-09-16 00:00:00', NULL, NULL, NULL, NULL, NULL, NULL, '2022-01-20 02:58:07', '2022-01-20 02:58:07'),
(98, 9, 'Albina Daugherty', '32722 Rogahn Neck Suite 832\nSouth Sarahville, CA 06499-6823', 'in_process', '2021-07-20 00:00:00', NULL, NULL, NULL, NULL, NULL, NULL, '2022-01-20 02:58:07', '2022-01-20 02:58:07'),
(99, 48, 'Jennyfer Hane Sr.', '96778 Luettgen Stream\nMetzton, SC 71577', 'in_process', '2019-09-26 00:00:00', NULL, NULL, NULL, NULL, NULL, NULL, '2022-01-20 02:58:07', '2022-01-20 02:58:07'),
(100, 29, 'Myriam Turner III', '7769 Nayeli Springs Suite 646\nEast Moises, NC 88806-9637', 'in_process', '2017-06-14 00:00:00', NULL, NULL, NULL, NULL, NULL, NULL, '2022-01-20 02:58:07', '2022-01-20 02:58:07'),
(101, 27, 'Ruben King', '744 Deborah Mission Suite 216\nPort Candice, IA 76503', 'in_process', '2017-09-28 00:00:00', NULL, NULL, NULL, NULL, NULL, NULL, '2022-01-20 02:58:07', '2022-01-20 02:58:07'),
(102, 7, 'Harold Purdy', '4838 Huels Corners\nVioletville, WI 03798', 'in_process', '2020-11-04 00:00:00', NULL, NULL, NULL, NULL, NULL, NULL, '2022-01-20 02:58:07', '2022-01-20 02:58:07'),
(103, 21, 'Arnold Medhurst', '198 Ezekiel Glen Suite 688\nNorth Maurinechester, TN 61208', 'in_process', '2020-12-27 00:00:00', NULL, NULL, NULL, NULL, NULL, NULL, '2022-01-20 02:58:07', '2022-01-20 02:58:07'),
(104, 6, 'Cleveland Johns', '656 Eliane Street Suite 394\nSchoenchester, CO 70345', 'in_process', '2020-01-20 00:00:00', NULL, NULL, NULL, NULL, NULL, NULL, '2022-01-20 02:58:07', '2022-01-20 02:58:07'),
(105, 16, 'Dr. Cordie Kirlin Sr.', '74033 Frida Brooks Apt. 440\nJoaquinbury, UT 16204', 'in_process', '2016-11-09 00:00:00', NULL, NULL, NULL, NULL, NULL, NULL, '2022-01-20 02:58:07', '2022-01-20 02:58:07'),
(106, 22, 'Charles DuBuque', '3379 Nikki Ramp\nNakiachester, MI 32099', 'in_process', '2017-03-31 00:00:00', NULL, NULL, NULL, NULL, NULL, NULL, '2022-01-20 02:58:07', '2022-01-20 02:58:07'),
(107, 46, 'Dr. Hermina Lueilwitz', '715 Avis Fields\nEast Shaun, WV 12436-0806', 'in_process', '2018-11-22 00:00:00', NULL, NULL, NULL, NULL, NULL, NULL, '2022-01-20 02:58:07', '2022-01-20 02:58:07'),
(108, 15, 'Brown Tremblay', '23411 Bonnie Divide\nShirleyview, OH 22331-1569', 'in_process', '2017-06-05 00:00:00', NULL, NULL, NULL, NULL, NULL, NULL, '2022-01-20 02:58:07', '2022-01-20 02:58:07'),
(109, 25, 'Emmitt Parker I', '5204 Fisher Pike\nJamisonton, KY 56384', 'in_process', '2018-08-24 00:00:00', NULL, NULL, NULL, NULL, NULL, NULL, '2022-01-20 02:58:07', '2022-01-20 02:58:07'),
(110, 15, 'Raphaelle Hessel III', '469 Schaefer Plaza Suite 405\nEmanuelburgh, NM 36672-8112', 'in_process', '2017-01-14 00:00:00', NULL, NULL, NULL, NULL, NULL, NULL, '2022-01-20 02:58:07', '2022-01-20 02:58:07'),
(111, 46, 'Newell Schroeder', '22402 Karelle Fords\nNew Judyside, AR 38744-5532', 'in_process', '2020-04-14 00:00:00', NULL, NULL, NULL, NULL, NULL, NULL, '2022-01-20 02:58:07', '2022-01-20 02:58:07'),
(112, 22, 'Lou Deckow', '32371 Marley Estates\nLake Meta, SC 58549', 'in_process', '2017-09-18 00:00:00', NULL, NULL, NULL, NULL, NULL, NULL, '2022-01-20 02:58:07', '2022-01-20 02:58:07'),
(113, 21, 'Kade Kirlin', '110 Yadira Passage\nDorthamouth, AZ 23536-8233', 'in_process', '2019-05-19 00:00:00', NULL, NULL, NULL, NULL, NULL, NULL, '2022-01-20 02:58:07', '2022-01-20 02:58:07'),
(114, 37, 'Miss Alysson O\'Hara Jr.', '358 Colt Tunnel Suite 968\nNorth Jamison, OK 82210-5612', 'in_process', '2020-02-19 00:00:00', NULL, NULL, NULL, NULL, NULL, NULL, '2022-01-20 02:58:07', '2022-01-20 02:58:07'),
(115, 12, 'Joany Funk', '4086 Schroeder Run\nSchmelerchester, WI 54269', 'in_process', '2019-02-24 00:00:00', NULL, NULL, NULL, NULL, NULL, NULL, '2022-01-20 02:58:07', '2022-01-20 02:58:07'),
(116, 46, 'Mrs. Celine Weissnat', '25337 Gerlach Canyon Suite 144\nAbagailton, MO 66450-2610', 'in_process', '2019-01-18 00:00:00', NULL, NULL, NULL, NULL, NULL, NULL, '2022-01-20 02:58:07', '2022-01-20 02:58:07'),
(117, 30, 'Josiah Cummings', '6077 Trantow Knoll Apt. 615\nNorth Emmanuelle, NE 55696-7859', 'in_process', '2018-05-09 00:00:00', NULL, NULL, NULL, NULL, NULL, NULL, '2022-01-20 02:58:07', '2022-01-20 02:58:07'),
(118, 13, 'Zane Cremin', '50845 Cordelia Motorway Suite 009\nLake Erwinchester, MS 25267', 'in_process', '2017-03-12 00:00:00', NULL, NULL, NULL, NULL, NULL, NULL, '2022-01-20 02:58:07', '2022-01-20 02:58:07'),
(119, 49, 'Coralie Hyatt', '79629 Ollie Light Apt. 005\nAbdullahstad, AK 14234-6505', 'in_process', '2020-02-25 00:00:00', NULL, NULL, NULL, NULL, NULL, NULL, '2022-01-20 02:58:07', '2022-01-20 02:58:07'),
(120, 46, 'Prof. Joyce Abernathy IV', '4128 Ernser Springs\nLake Icie, MS 58821', 'in_process', '2020-02-14 00:00:00', NULL, NULL, NULL, NULL, NULL, NULL, '2022-01-20 02:58:07', '2022-01-20 02:58:07'),
(121, 46, 'Lisandro Rempel', '132 Hoppe Forks\nLeopoldoburgh, MD 46478-5542', 'in_process', '2019-07-26 00:00:00', NULL, NULL, NULL, NULL, NULL, NULL, '2022-01-20 02:58:07', '2022-01-20 02:58:07'),
(122, 21, 'Ned Koss Jr.', '72529 Heloise Knolls Apt. 596\nPfannerstillstad, PA 94546', 'in_process', '2019-11-20 00:00:00', NULL, NULL, NULL, NULL, NULL, NULL, '2022-01-20 02:58:07', '2022-01-20 02:58:07'),
(123, 19, 'Jakob Kuhlman MD', '460 Jakubowski Road Suite 479\nStaceyport, UT 27121', 'in_process', '2020-03-02 00:00:00', NULL, NULL, NULL, NULL, NULL, NULL, '2022-01-20 02:58:07', '2022-01-20 02:58:07'),
(124, 47, 'Earlene Murazik', '515 Lowe Summit Apt. 744\nPort Darrin, HI 97098-1422', 'in_process', '2017-01-05 00:00:00', NULL, NULL, NULL, NULL, NULL, NULL, '2022-01-20 02:58:07', '2022-01-20 02:58:07'),
(125, 39, 'Jody Kozey', '26659 Hollis Square Suite 774\nEast Bennettchester, MD 68037-3137', 'in_process', '2021-01-22 00:00:00', NULL, NULL, NULL, NULL, NULL, NULL, '2022-01-20 02:58:07', '2022-01-20 02:58:07'),
(126, 2, 'Solon Schulist', '1078 Lisette Shores\nO\'Connellhaven, CT 31568-7961', 'in_process', '2019-05-22 00:00:00', NULL, NULL, NULL, NULL, NULL, NULL, '2022-01-20 02:58:07', '2022-01-20 02:58:07'),
(127, 13, 'Arielle Moore', '264 Considine Stravenue Suite 308\nNellamouth, VT 38555', 'in_process', '2020-08-30 00:00:00', NULL, NULL, NULL, NULL, NULL, NULL, '2022-01-20 02:58:07', '2022-01-20 02:58:07'),
(128, 3, 'Ryley Hoppe', '80079 Huels Passage Apt. 349\nEast Maudie, MT 40117', 'in_process', '2021-06-04 00:00:00', NULL, NULL, NULL, NULL, NULL, NULL, '2022-01-20 02:58:07', '2022-01-20 02:58:07'),
(129, 48, 'Graham Davis', '782 Julio Stream\nPort Trenton, AK 10845', 'in_process', '2021-04-16 00:00:00', NULL, NULL, NULL, NULL, NULL, NULL, '2022-01-20 02:58:07', '2022-01-20 02:58:07'),
(130, 5, 'Amari Bradtke', '1387 Sasha Rapids Apt. 684\nHermannshire, VT 28059-2719', 'in_process', '2021-11-01 00:00:00', NULL, NULL, NULL, NULL, NULL, NULL, '2022-01-20 02:58:07', '2022-01-20 02:58:07'),
(131, 45, 'Prof. Norbert O\'Hara', '338 Ronny Divide\nEast Joannieville, AR 39151', 'in_process', '2019-03-12 00:00:00', NULL, NULL, NULL, NULL, NULL, NULL, '2022-01-20 02:58:07', '2022-01-20 02:58:07'),
(132, 34, 'Miss Citlalli Bednar', '977 Lebsack Trail\nStephanialand, WY 30661', 'in_process', '2020-07-25 00:00:00', NULL, NULL, NULL, NULL, NULL, NULL, '2022-01-20 02:58:07', '2022-01-20 02:58:07'),
(133, 22, 'Dr. Gerson Wehner', '35735 Becker Highway Apt. 941\nNorth Fernando, UT 66845-3166', 'in_process', '2020-03-26 00:00:00', NULL, NULL, NULL, NULL, NULL, NULL, '2022-01-20 02:58:07', '2022-01-20 02:58:07'),
(134, 9, 'Carmela Smitham', '7222 Ashley Stravenue Apt. 008\nPort Lailashire, PA 50113-5000', 'in_process', '2018-04-12 00:00:00', NULL, NULL, NULL, NULL, NULL, NULL, '2022-01-20 02:58:07', '2022-01-20 02:58:07'),
(135, 23, 'Lafayette Blanda', '1718 Doyle Summit Suite 229\nMadilynland, NV 41937', 'in_process', '2017-10-09 00:00:00', NULL, NULL, NULL, NULL, NULL, NULL, '2022-01-20 02:58:07', '2022-01-20 02:58:07'),
(136, 29, 'Effie Lang', '8371 Spinka Crest\nMargaritamouth, TX 61057', 'in_process', '2019-08-28 00:00:00', NULL, NULL, NULL, NULL, NULL, NULL, '2022-01-20 02:58:07', '2022-01-20 02:58:07'),
(137, 26, 'Alexie Kemmer IV', '3857 Nichole Stream Suite 888\nRicoland, VT 61931-7491', 'in_process', '2017-10-24 00:00:00', NULL, NULL, NULL, NULL, NULL, NULL, '2022-01-20 02:58:07', '2022-01-20 02:58:07'),
(138, 33, 'Mr. Cleo Corwin MD', '798 Leonard Circles\nPort Cleobury, DE 07925', 'in_process', '2020-12-26 00:00:00', NULL, NULL, NULL, NULL, NULL, NULL, '2022-01-20 02:58:07', '2022-01-20 02:58:07'),
(139, 34, 'Osvaldo Kohler', '27998 Wilkinson Island Apt. 825\nSarahshire, MN 07729-6545', 'in_process', '2017-05-29 00:00:00', NULL, NULL, NULL, NULL, NULL, NULL, '2022-01-20 02:58:07', '2022-01-20 02:58:07'),
(140, 40, 'Mrs. Lilly Krajcik DDS', '473 Herman Centers Apt. 807\nSouth Sarailand, RI 69936-6169', 'in_process', '2019-09-25 00:00:00', NULL, NULL, NULL, NULL, NULL, NULL, '2022-01-20 02:58:07', '2022-01-20 02:58:07'),
(141, 44, 'Adeline Von', '8778 Rebekah Village\nThielstad, WV 81876', 'in_process', '2018-11-20 00:00:00', NULL, NULL, NULL, NULL, NULL, NULL, '2022-01-20 02:58:07', '2022-01-20 02:58:07'),
(142, 28, 'Peyton Russel', '5647 Arne Trail Apt. 019\nLake Jacinthe, TN 73153-6230', 'in_process', '2020-07-05 00:00:00', NULL, NULL, NULL, NULL, NULL, NULL, '2022-01-20 02:58:07', '2022-01-20 02:58:07'),
(143, 45, 'Sally Bode', '33765 Morar Pines Suite 336\nRogahnhaven, GA 84047', 'in_process', '2017-05-10 00:00:00', NULL, NULL, NULL, NULL, NULL, NULL, '2022-01-20 02:58:07', '2022-01-20 02:58:07'),
(144, 35, 'Hardy Keebler', '27402 Lawson Common\nSouth Amystad, MI 32166-7244', 'in_process', '2019-02-26 00:00:00', NULL, NULL, NULL, NULL, NULL, NULL, '2022-01-20 02:58:07', '2022-01-20 02:58:07'),
(145, 1, 'Carter Oberbrunner', '2749 Boyer Road Apt. 361\nNorth Cleta, SC 96868-0967', 'in_process', '2017-10-01 00:00:00', NULL, NULL, NULL, NULL, NULL, NULL, '2022-01-20 02:58:07', '2022-01-20 02:58:07'),
(146, 10, 'Dr. Korbin Prosacco', '910 Marie Points Suite 583\nBarrowston, ID 14431-3789', 'in_process', '2021-11-19 00:00:00', NULL, NULL, NULL, NULL, NULL, NULL, '2022-01-20 02:58:07', '2022-01-20 02:58:07'),
(147, 11, 'Dr. Nicholaus Johns', '675 Christiansen River Apt. 312\nNorth Lenna, VT 53649-2685', 'in_process', '2020-09-30 00:00:00', NULL, NULL, NULL, NULL, NULL, NULL, '2022-01-20 02:58:07', '2022-01-20 02:58:07'),
(148, 23, 'Phoebe Langosh', '9894 Marks Rue Apt. 261\nDestinibury, WI 26048-9094', 'in_process', '2021-05-13 00:00:00', NULL, NULL, NULL, NULL, NULL, NULL, '2022-01-20 02:58:07', '2022-01-20 02:58:07'),
(149, 8, 'Savannah Wyman', '1710 Jenkins Center Suite 121\nSouth Audrey, WA 34332', 'in_process', '2017-05-18 00:00:00', NULL, NULL, NULL, NULL, NULL, NULL, '2022-01-20 02:58:07', '2022-01-20 02:58:07'),
(150, 10, 'August Heaney', '498 Kip Lights Apt. 464\nMooreborough, MN 13402', 'in_process', '2018-11-13 00:00:00', NULL, NULL, NULL, NULL, NULL, NULL, '2022-01-20 02:58:07', '2022-01-20 02:58:07'),
(151, 13, 'Roy Ritchie', '647 McGlynn Lights Apt. 289\nEast Cordia, TN 47439-3435', 'in_process', '2021-03-15 00:00:00', NULL, NULL, NULL, NULL, NULL, NULL, '2022-01-20 02:58:07', '2022-01-20 02:58:07'),
(152, 18, 'Carlos Steuber Sr.', '61747 Sipes Circle\nWisozkborough, FL 39293-7690', 'in_process', '2017-10-24 00:00:00', NULL, NULL, NULL, NULL, NULL, NULL, '2022-01-20 02:58:07', '2022-01-20 02:58:07'),
(153, 29, 'Roslyn Fadel', '603 Denis Fall\nNellietown, FL 76164-4600', 'in_process', '2017-10-13 00:00:00', NULL, NULL, NULL, NULL, NULL, NULL, '2022-01-20 02:58:07', '2022-01-20 02:58:07'),
(154, 16, 'Celia Haag', '4875 Yessenia Ridges\nNorth Audiefort, WA 23862-0548', 'in_process', '2018-08-03 00:00:00', NULL, NULL, NULL, NULL, NULL, NULL, '2022-01-20 02:58:07', '2022-01-20 02:58:07'),
(155, 49, 'Eldora Gutmann Sr.', '49858 Candace Trace\nWest Savanna, NH 36271-7469', 'in_process', '2018-07-27 00:00:00', NULL, NULL, NULL, NULL, NULL, NULL, '2022-01-20 02:58:07', '2022-01-20 02:58:07'),
(156, 33, 'Maymie Nikolaus', '82186 Aufderhar Landing Apt. 919\nRaquelside, NH 11140', 'in_process', '2019-03-16 00:00:00', NULL, NULL, NULL, NULL, NULL, NULL, '2022-01-20 02:58:07', '2022-01-20 02:58:07'),
(157, 33, 'Dr. Chesley Goyette Jr.', '1011 Keara Highway\nNorth Tyresestad, AL 53141-9833', 'in_process', '2020-03-30 00:00:00', NULL, NULL, NULL, NULL, NULL, NULL, '2022-01-20 02:58:07', '2022-01-20 02:58:07'),
(158, 36, 'Miss Agustina Hand MD', '9215 Thompson Shore Apt. 605\nNorrishaven, WV 53943', 'in_process', '2019-10-10 00:00:00', NULL, NULL, NULL, NULL, NULL, NULL, '2022-01-20 02:58:07', '2022-01-20 02:58:07'),
(159, 22, 'Brice Kuhn', '74460 Romaguera Mission\nWest Lester, NM 29436', 'in_process', '2018-08-10 00:00:00', NULL, NULL, NULL, NULL, NULL, NULL, '2022-01-20 02:58:07', '2022-01-20 02:58:07'),
(160, 38, 'Peyton Aufderhar', '824 Heathcote Divide\nWolffstad, NM 67349', 'in_process', '2020-10-04 00:00:00', NULL, NULL, NULL, NULL, NULL, NULL, '2022-01-20 02:58:07', '2022-01-20 02:58:07'),
(161, 24, 'Fay Bashirian PhD', '33906 Gilberto Route Apt. 958\nWest Devin, CA 29399', 'in_process', '2016-08-24 00:00:00', NULL, NULL, NULL, NULL, NULL, NULL, '2022-01-20 02:58:07', '2022-01-20 02:58:07'),
(162, 46, 'Luther Casper', '43394 Jeanne Heights Apt. 819\nNew Isabel, HI 80927', 'in_process', '2021-06-10 00:00:00', NULL, NULL, NULL, NULL, NULL, NULL, '2022-01-20 02:58:07', '2022-01-20 02:58:07'),
(163, 43, 'Alphonso Kessler V', '113 Tillman Ways\nEast Winfieldfurt, OH 02503-3909', 'in_process', '2020-05-07 00:00:00', NULL, NULL, NULL, NULL, NULL, NULL, '2022-01-20 02:58:07', '2022-01-20 02:58:07'),
(164, 42, 'Clarabelle Tillman', '732 Eleonore Walks Suite 884\nEast Katlynn, AR 90897', 'in_process', '2016-08-14 00:00:00', NULL, NULL, NULL, NULL, NULL, NULL, '2022-01-20 02:58:07', '2022-01-20 02:58:07'),
(165, 9, 'Napoleon Cassin V', '2145 Alisa Valleys Apt. 812\nWest Gracie, WA 95563', 'in_process', '2017-05-23 00:00:00', NULL, NULL, NULL, NULL, NULL, NULL, '2022-01-20 02:58:07', '2022-01-20 02:58:07'),
(166, 43, 'Wendy Kuphal PhD', '72877 Von Pines Suite 849\nHettingerfurt, OK 05140', 'in_process', '2016-11-25 00:00:00', NULL, NULL, NULL, NULL, NULL, NULL, '2022-01-20 02:58:07', '2022-01-20 02:58:07'),
(167, 43, 'Mrs. Era Vandervort', '12121 Easter Knoll Suite 172\nMillerbury, NE 68138', 'in_process', '2017-05-04 00:00:00', NULL, NULL, NULL, NULL, NULL, NULL, '2022-01-20 02:58:07', '2022-01-20 02:58:07'),
(168, 32, 'Idell Rau', '9807 Maegan Run\nCaylastad, NY 84516-4166', 'in_process', '2019-08-27 00:00:00', NULL, NULL, NULL, NULL, NULL, NULL, '2022-01-20 02:58:07', '2022-01-20 02:58:07'),
(169, 34, 'Lloyd Turcotte', '4925 Hessel Points Suite 578\nNorth Jadyntown, DC 68424', 'in_process', '2020-03-31 00:00:00', NULL, NULL, NULL, NULL, NULL, NULL, '2022-01-20 02:58:07', '2022-01-20 02:58:07'),
(170, 6, 'Laurianne Hudson PhD', '1674 Quigley Gateway Suite 784\nNicolasfort, NY 79263-0080', 'in_process', '2019-06-20 00:00:00', NULL, NULL, NULL, NULL, NULL, NULL, '2022-01-20 02:58:07', '2022-01-20 02:58:07'),
(171, 18, 'Mazie Bergstrom', '8721 Leuschke Knoll\nKohlerburgh, UT 17179', 'in_process', '2020-01-18 00:00:00', NULL, NULL, NULL, NULL, NULL, NULL, '2022-01-20 02:58:07', '2022-01-20 02:58:07'),
(172, 3, 'Garrison Grady', '6910 Triston Station Apt. 587\nZacharyville, IA 78572', 'in_process', '2017-05-09 00:00:00', NULL, NULL, NULL, NULL, NULL, NULL, '2022-01-20 02:58:07', '2022-01-20 02:58:07'),
(173, 49, 'Rod Emmerich', '6422 Turcotte Inlet Suite 635\nAlysonburgh, HI 89908', 'in_process', '2018-05-06 00:00:00', NULL, NULL, NULL, NULL, NULL, NULL, '2022-01-20 02:58:07', '2022-01-20 02:58:07'),
(174, 10, 'Kiana O\'Hara', '886 Kovacek Stream Apt. 447\nHaleyfurt, SD 06157-0882', 'in_process', '2020-10-16 00:00:00', NULL, NULL, NULL, NULL, NULL, NULL, '2022-01-20 02:58:07', '2022-01-20 02:58:07'),
(175, 29, 'Donnell Dickinson', '167 Kozey Stream Apt. 591\nBoyertown, NV 43645', 'in_process', '2017-10-20 00:00:00', NULL, NULL, NULL, NULL, NULL, NULL, '2022-01-20 02:58:07', '2022-01-20 02:58:07'),
(176, 4, 'Edna Davis', '530 Elmira Plains Apt. 384\nNew Louie, OR 89333', 'in_process', '2021-07-15 00:00:00', NULL, NULL, NULL, NULL, NULL, NULL, '2022-01-20 02:58:07', '2022-01-20 02:58:07'),
(177, 6, 'Dallin Cronin', '748 Nader Hollow Apt. 810\nLake Stephan, OK 68427-1090', 'in_process', '2019-11-17 00:00:00', NULL, NULL, NULL, NULL, NULL, NULL, '2022-01-20 02:58:07', '2022-01-20 02:58:07'),
(178, 1, 'Aisha Kuhn IV', '4446 Marlee Isle\nWest Russ, PA 82578-9862', 'in_process', '2021-01-15 00:00:00', NULL, NULL, NULL, NULL, NULL, NULL, '2022-01-20 02:58:07', '2022-01-20 02:58:07'),
(179, 6, 'Kylie Bartoletti', '1064 Aracely Extension\nWest Woodrowchester, PA 29883-2684', 'in_process', '2017-04-25 00:00:00', NULL, NULL, NULL, NULL, NULL, NULL, '2022-01-20 02:58:07', '2022-01-20 02:58:07'),
(180, 50, 'Howell Raynor MD', '997 Friesen Tunnel Apt. 298\nSouth Winifred, WA 95120', 'in_process', '2016-11-14 00:00:00', NULL, NULL, NULL, NULL, NULL, NULL, '2022-01-20 02:58:07', '2022-01-20 02:58:07'),
(181, 15, 'Alexandrea Kuhn', '9874 Tremblay Hollow\nEast Haleighchester, NV 72581-8186', 'in_process', '2016-11-30 00:00:00', NULL, NULL, NULL, NULL, NULL, NULL, '2022-01-20 02:58:07', '2022-01-20 02:58:07'),
(182, 41, 'Dr. Darius Kohler', '635 Kassandra Ramp\nGrahamchester, MA 87445-4747', 'in_process', '2017-03-03 00:00:00', NULL, NULL, NULL, NULL, NULL, NULL, '2022-01-20 02:58:07', '2022-01-20 02:58:07'),
(183, 21, 'Mr. Art Skiles PhD', '4978 Runolfsdottir Point Apt. 649\nNitzschechester, MT 88251-2516', 'in_process', '2018-06-16 00:00:00', NULL, NULL, NULL, NULL, NULL, NULL, '2022-01-20 02:58:07', '2022-01-20 02:58:07'),
(184, 43, 'Rigoberto Koss', '959 Marcelo Pass\nSouth Shawnaberg, MA 30554-0667', 'in_process', '2018-08-05 00:00:00', NULL, NULL, NULL, NULL, NULL, NULL, '2022-01-20 02:58:07', '2022-01-20 02:58:07'),
(185, 35, 'Tatyana Kreiger', '3194 Daniel Rest Apt. 392\nGislasonport, MD 80283', 'in_process', '2018-02-15 00:00:00', NULL, NULL, NULL, NULL, NULL, NULL, '2022-01-20 02:58:07', '2022-01-20 02:58:07'),
(186, 13, 'Jerome Stanton', '20684 Caitlyn Overpass Apt. 808\nEast Daisha, NC 56617-0012', 'in_process', '2020-05-02 00:00:00', NULL, NULL, NULL, NULL, NULL, NULL, '2022-01-20 02:58:07', '2022-01-20 02:58:07'),
(187, 23, 'Prof. Leland Hahn', '4545 Melvina Union\nLake Hazlestad, NY 31649-5770', 'in_process', '2016-11-26 00:00:00', NULL, NULL, NULL, NULL, NULL, NULL, '2022-01-20 02:58:07', '2022-01-20 02:58:07'),
(188, 44, 'Jaqueline Durgan', '4749 Reagan Lane Apt. 623\nLylabury, SD 60128-8179', 'in_process', '2018-03-05 00:00:00', NULL, NULL, NULL, NULL, NULL, NULL, '2022-01-20 02:58:07', '2022-01-20 02:58:07'),
(189, 6, 'Michale Stark', '360 Letitia Branch\nFabiolastad, VA 40594-5224', 'in_process', '2019-08-24 00:00:00', NULL, NULL, NULL, NULL, NULL, NULL, '2022-01-20 02:58:07', '2022-01-20 02:58:07'),
(190, 15, 'Merlin Thompson', '26820 Hauck Common\nGleichnermouth, ID 38647', 'in_process', '2020-08-03 00:00:00', NULL, NULL, NULL, NULL, NULL, NULL, '2022-01-20 02:58:07', '2022-01-20 02:58:07'),
(191, 44, 'Joseph Daniel', '10105 Torphy Prairie Suite 350\nNorth Enochville, PA 57175', 'in_process', '2016-09-21 00:00:00', NULL, NULL, NULL, NULL, NULL, NULL, '2022-01-20 02:58:07', '2022-01-20 02:58:07'),
(192, 14, 'Ricky Johnston PhD', '6307 Gloria Bypass Suite 732\nSchroederside, AK 59739-5037', 'in_process', '2021-01-21 00:00:00', NULL, NULL, NULL, NULL, NULL, NULL, '2022-01-20 02:58:07', '2022-01-20 02:58:07'),
(193, 34, 'Viva Cummerata Jr.', '857 Jakubowski Isle\nSouth Unique, CO 33491', 'in_process', '2019-07-25 00:00:00', NULL, NULL, NULL, NULL, NULL, NULL, '2022-01-20 02:58:07', '2022-01-20 02:58:07'),
(194, 23, 'Antwon McKenzie', '299 Reichel Ridge\nNorth Matildefurt, MN 47938-8439', 'in_process', '2021-12-12 00:00:00', NULL, NULL, NULL, NULL, NULL, NULL, '2022-01-20 02:58:07', '2022-01-20 02:58:07'),
(195, 1, 'Sedrick Kulas', '245 Daniel Extension\nNorth Tyshawnville, FL 39175-7000', 'in_process', '2021-01-04 00:00:00', NULL, NULL, NULL, NULL, NULL, NULL, '2022-01-20 02:58:07', '2022-01-20 02:58:07'),
(196, 22, 'Aaron Koepp IV', '924 Bradley Locks\nAdellberg, WV 93402-4848', 'in_process', '2021-12-14 00:00:00', NULL, NULL, NULL, NULL, NULL, NULL, '2022-01-20 02:58:07', '2022-01-20 02:58:07'),
(197, 37, 'Vidal Gleichner', '66008 Dickens Canyon Suite 251\nNew Bradford, NV 60510-5862', 'in_process', '2019-08-01 00:00:00', NULL, NULL, NULL, NULL, NULL, NULL, '2022-01-20 02:58:07', '2022-01-20 02:58:07'),
(198, 24, 'Jermey Zulauf', '3115 Carlo Stravenue Suite 233\nCollierbury, OK 79790-9409', 'in_process', '2020-08-21 00:00:00', NULL, NULL, NULL, NULL, NULL, NULL, '2022-01-20 02:58:07', '2022-01-20 02:58:07'),
(199, 23, 'Dr. Edwin Dach IV', '330 DuBuque Groves\nReichertbury, OK 59315', 'in_process', '2018-10-29 00:00:00', NULL, NULL, NULL, NULL, NULL, NULL, '2022-01-20 02:58:07', '2022-01-20 02:58:07'),
(200, 34, 'Liana Wolff PhD', '58541 Juvenal Mills Apt. 693\nNew Shayleemouth, NE 87916', 'in_process', '2017-01-17 00:00:00', NULL, NULL, NULL, NULL, NULL, NULL, '2022-01-20 02:58:07', '2022-01-20 02:58:07'),
(201, 37, 'Veda Gerhold', '388 Schowalter Brook Apt. 691\nStewartmouth, IA 89762-0772', 'in_process', '2021-04-29 00:00:00', NULL, NULL, NULL, NULL, NULL, NULL, '2022-01-20 02:58:07', '2022-01-20 02:58:07'),
(202, 21, 'Prof. Rhett Aufderhar V', '7897 Kihn Place\nNorth Monserratmouth, SD 71843-2500', 'in_process', '2021-04-24 00:00:00', NULL, NULL, NULL, NULL, NULL, NULL, '2022-01-20 02:58:07', '2022-01-20 02:58:07'),
(203, 23, 'Gaylord Wolff', '40952 Roob Village\nNorth Trevion, SC 98685-6783', 'in_process', '2021-12-09 00:00:00', NULL, NULL, NULL, NULL, NULL, NULL, '2022-01-20 02:58:07', '2022-01-20 02:58:07'),
(204, 5, 'Prof. Broderick Roberts', '81014 Jaeden Corner Apt. 833\nRickymouth, DC 88248', 'in_process', '2018-11-05 00:00:00', NULL, NULL, NULL, NULL, NULL, NULL, '2022-01-20 02:58:07', '2022-01-20 02:58:07'),
(205, 48, 'Pauline Kessler', '5831 Garrick Camp\nNorth Daltonbury, IL 73554-4491', 'in_process', '2020-03-02 00:00:00', NULL, NULL, NULL, NULL, NULL, NULL, '2022-01-20 02:58:07', '2022-01-20 02:58:07'),
(206, 8, 'Marilou Rath DVM', '641 Schaden Port\nBernicehaven, NH 16550', 'in_process', '2017-05-22 00:00:00', NULL, NULL, NULL, NULL, NULL, NULL, '2022-01-20 02:58:07', '2022-01-20 02:58:07'),
(207, 14, 'Chaz Rath III', '329 Kunze Way Apt. 466\nWest Nicholas, NJ 08108', 'in_process', '2018-01-04 00:00:00', NULL, NULL, NULL, NULL, NULL, NULL, '2022-01-20 02:58:07', '2022-01-20 02:58:07'),
(208, 6, 'Krystal Breitenberg', '71710 McLaughlin Wall\nPort Augustaside, NJ 85112-4438', 'in_process', '2019-05-23 00:00:00', NULL, NULL, NULL, NULL, NULL, NULL, '2022-01-20 02:58:07', '2022-01-20 02:58:07'),
(209, 34, 'Uriah Murray', '33294 Heathcote Court\nEast Vanessa, OH 12855-0188', 'in_process', '2018-06-01 00:00:00', NULL, NULL, NULL, NULL, NULL, NULL, '2022-01-20 02:58:07', '2022-01-20 02:58:07'),
(210, 17, 'Ransom Krajcik PhD', '655 Thiel Dale\nThompsonmouth, WA 40809', 'in_process', '2020-05-13 00:00:00', NULL, NULL, NULL, NULL, NULL, NULL, '2022-01-20 02:58:07', '2022-01-20 02:58:07'),
(211, 1, 'Akeem Pollich', '52720 Myra Glen\nLauriemouth, WY 39088', 'in_process', '2018-09-14 00:00:00', NULL, NULL, NULL, NULL, NULL, NULL, '2022-01-20 02:58:07', '2022-01-20 02:58:07'),
(212, 35, 'Julie Kulas', '417 Otho Trace Suite 792\nDickinsonhaven, VA 45895', 'in_process', '2018-06-24 00:00:00', NULL, NULL, NULL, NULL, NULL, NULL, '2022-01-20 02:58:07', '2022-01-20 02:58:07'),
(213, 32, 'Cleta Bailey', '4293 Cali Crossing Suite 501\nSporerview, OH 52240-8686', 'in_process', '2020-08-14 00:00:00', NULL, NULL, NULL, NULL, NULL, NULL, '2022-01-20 02:58:07', '2022-01-20 02:58:07'),
(214, 50, 'Remington Emmerich', '184 Littel Bypass Apt. 532\nErnserstad, DE 79236', 'in_process', '2021-12-27 00:00:00', NULL, NULL, NULL, NULL, NULL, NULL, '2022-01-20 02:58:07', '2022-01-20 02:58:07'),
(215, 19, 'Erik McLaughlin', '81347 Walker Dam\nSchmelershire, KY 99227', 'in_process', '2020-06-15 00:00:00', NULL, NULL, NULL, NULL, NULL, NULL, '2022-01-20 02:58:07', '2022-01-20 02:58:07'),
(216, 37, 'Ms. Shania Lockman III', '83721 Sporer Street\nWisokyside, OK 07373', 'in_process', '2019-02-08 00:00:00', NULL, NULL, NULL, NULL, NULL, NULL, '2022-01-20 02:58:07', '2022-01-20 02:58:07'),
(217, 15, 'Royce Conroy MD', '57013 Liliane Ville Apt. 205\nEast Courtneyborough, MI 44898', 'in_process', '2018-11-14 00:00:00', NULL, NULL, NULL, NULL, NULL, NULL, '2022-01-20 02:58:07', '2022-01-20 02:58:07'),
(218, 15, 'Mrs. Delpha O\'Connell', '322 Gleichner Pike Apt. 572\nLake Leofort, NE 16841', 'in_process', '2017-10-26 00:00:00', NULL, NULL, NULL, NULL, NULL, NULL, '2022-01-20 02:58:07', '2022-01-20 02:58:07'),
(219, 3, 'Elyssa Kautzer Sr.', '42994 Javonte Court Suite 686\nSchadenfurt, VA 14906', 'in_process', '2019-01-28 00:00:00', NULL, NULL, NULL, NULL, NULL, NULL, '2022-01-20 02:58:07', '2022-01-20 02:58:07'),
(220, 17, 'Effie Kirlin', '2155 Catherine Creek Suite 359\nClevemouth, OK 82915-3121', 'in_process', '2019-06-16 00:00:00', NULL, NULL, NULL, NULL, NULL, NULL, '2022-01-20 02:58:07', '2022-01-20 02:58:07'),
(221, 41, 'Sophia Carroll', '441 Crona Drive Apt. 011\nNorth Gregory, CT 89085-9998', 'in_process', '2019-08-13 00:00:00', NULL, NULL, NULL, NULL, NULL, NULL, '2022-01-20 02:58:07', '2022-01-20 02:58:07'),
(222, 13, 'Jamarcus Bogan', '353 Prudence Curve Apt. 642\nNorth Carolanne, AR 63359', 'in_process', '2017-06-20 00:00:00', NULL, NULL, NULL, NULL, NULL, NULL, '2022-01-20 02:58:07', '2022-01-20 02:58:07'),
(223, 37, 'Patricia Flatley V', '4155 Evie Track\nEast Christ, IL 45915', 'in_process', '2020-02-09 00:00:00', NULL, NULL, NULL, NULL, NULL, NULL, '2022-01-20 02:58:07', '2022-01-20 02:58:07'),
(224, 15, 'Mona Runte', '686 Cassin Freeway Suite 191\nLake Pierreborough, GA 83395-4954', 'in_process', '2017-11-25 00:00:00', NULL, NULL, NULL, NULL, NULL, NULL, '2022-01-20 02:58:07', '2022-01-20 02:58:07'),
(225, 22, 'Prof. Theodora Wiza', '124 Carrie Wells Apt. 213\nDarleneton, NH 50562-5706', 'in_process', '2021-02-23 00:00:00', NULL, NULL, NULL, NULL, NULL, NULL, '2022-01-20 02:58:07', '2022-01-20 02:58:07'),
(226, 27, 'Lucy Treutel', '12639 Raquel Crossing Apt. 411\nBednarmouth, NC 52518-5848', 'in_process', '2017-07-25 00:00:00', NULL, NULL, NULL, NULL, NULL, NULL, '2022-01-20 02:58:07', '2022-01-20 02:58:07'),
(227, 42, 'Roel Frami', '707 Orlo Plaza Suite 804\nLake Daphney, PA 10136', 'in_process', '2020-04-07 00:00:00', NULL, NULL, NULL, NULL, NULL, NULL, '2022-01-20 02:58:07', '2022-01-20 02:58:07'),
(228, 32, 'Dr. Prince Haley IV', '92520 Hill Creek Apt. 015\nWest Theresamouth, NH 22158-5246', 'in_process', '2018-08-20 00:00:00', NULL, NULL, NULL, NULL, NULL, NULL, '2022-01-20 02:58:07', '2022-01-20 02:58:07'),
(229, 50, 'Catalina Hills', '4411 Mallie Vista\nWest Akeemburgh, ID 15404', 'in_process', '2021-01-22 00:00:00', NULL, NULL, NULL, NULL, NULL, NULL, '2022-01-20 02:58:07', '2022-01-20 02:58:07'),
(230, 12, 'Maybell Bailey', '36577 Aurelia Harbor\nWest Cara, MT 84910-6857', 'in_process', '2020-01-02 00:00:00', NULL, NULL, NULL, NULL, NULL, NULL, '2022-01-20 02:58:07', '2022-01-20 02:58:07'),
(231, 36, 'Dr. Lew Considine Sr.', '33403 Annamarie Tunnel\nNorth Mossiebury, OK 60554', 'in_process', '2019-08-18 00:00:00', NULL, NULL, NULL, NULL, NULL, NULL, '2022-01-20 02:58:07', '2022-01-20 02:58:07'),
(232, 44, 'Luna Rogahn Jr.', '228 Heidenreich Village\nPricehaven, MO 91001', 'in_process', '2021-07-03 00:00:00', NULL, NULL, NULL, NULL, NULL, NULL, '2022-01-20 02:58:07', '2022-01-20 02:58:07'),
(233, 14, 'Dane Goldner', '54436 Kreiger Rue Suite 523\nSiennaburgh, CA 30187', 'in_process', '2018-09-04 00:00:00', NULL, NULL, NULL, NULL, NULL, NULL, '2022-01-20 02:58:07', '2022-01-20 02:58:07'),
(234, 27, 'Chanel Cormier', '305 Boehm Tunnel\nAngelahaven, ID 96495', 'in_process', '2017-11-28 00:00:00', NULL, NULL, NULL, NULL, NULL, NULL, '2022-01-20 02:58:07', '2022-01-20 02:58:07'),
(235, 41, 'Alexanne Hayes', '785 Madelyn Springs\nO\'Konberg, AK 90604-6502', 'in_process', '2020-12-07 00:00:00', NULL, NULL, NULL, NULL, NULL, NULL, '2022-01-20 02:58:07', '2022-01-20 02:58:07'),
(236, 25, 'Shawna Langworth', '4077 Berge Lakes Suite 318\nWest Lincoln, WV 78726-0527', 'in_process', '2020-08-13 00:00:00', NULL, NULL, NULL, NULL, NULL, NULL, '2022-01-20 02:58:07', '2022-01-20 02:58:07'),
(237, 45, 'Jaiden Cartwright', '4015 Zachery Points Suite 068\nSpencerberg, TN 09143-6365', 'in_process', '2018-05-22 00:00:00', NULL, NULL, NULL, NULL, NULL, NULL, '2022-01-20 02:58:07', '2022-01-20 02:58:07'),
(238, 16, 'Georgianna Williamson', '11161 Olaf Divide\nBuckridgetown, ND 64829', 'in_process', '2017-05-14 00:00:00', NULL, NULL, NULL, NULL, NULL, NULL, '2022-01-20 02:58:07', '2022-01-20 02:58:07'),
(239, 2, 'Stephon Marquardt III', '361 Marge Plains Apt. 758\nJohnniebury, VT 32091-2182', 'in_process', '2018-08-30 00:00:00', NULL, NULL, NULL, NULL, NULL, NULL, '2022-01-20 02:58:07', '2022-01-20 02:58:07'),
(240, 34, 'Mrs. Lurline Brekke PhD', '17113 Tromp Mills Apt. 472\nWest Freida, AR 13501-4997', 'in_process', '2019-02-09 00:00:00', NULL, NULL, NULL, NULL, NULL, NULL, '2022-01-20 02:58:07', '2022-01-20 02:58:07'),
(241, 32, 'Dawson Pacocha', '3355 Andre Ridge Apt. 032\nSatterfieldmouth, TX 97900-9754', 'in_process', '2017-05-17 00:00:00', NULL, NULL, NULL, NULL, NULL, NULL, '2022-01-20 02:58:07', '2022-01-20 02:58:07'),
(242, 17, 'Enoch Schoen MD', '881 Aiyana Turnpike Apt. 405\nLake Jarretport, AL 08911', 'in_process', '2017-04-29 00:00:00', NULL, NULL, NULL, NULL, NULL, NULL, '2022-01-20 02:58:07', '2022-01-20 02:58:07'),
(243, 37, 'Lamont McKenzie', '2732 Weissnat Flats\nKilbackmouth, DC 16360', 'in_process', '2019-09-11 00:00:00', NULL, NULL, NULL, NULL, NULL, NULL, '2022-01-20 02:58:07', '2022-01-20 02:58:07'),
(244, 46, 'Obie O\'Reilly', '53475 Flavie Fords\nMiaberg, AL 46259-6703', 'in_process', '2021-03-19 00:00:00', NULL, NULL, NULL, NULL, NULL, NULL, '2022-01-20 02:58:07', '2022-01-20 02:58:07'),
(245, 26, 'Ms. Clotilde Steuber IV', '990 Boyle Mountain\nHyattton, TX 42490', 'in_process', '2021-02-18 00:00:00', NULL, NULL, NULL, NULL, NULL, NULL, '2022-01-20 02:58:07', '2022-01-20 02:58:07'),
(246, 35, 'Abigayle Erdman', '615 Myrtle Place\nDarrylbury, NM 05955-1259', 'in_process', '2020-12-02 00:00:00', NULL, NULL, NULL, NULL, NULL, NULL, '2022-01-20 02:58:07', '2022-01-20 02:58:07'),
(247, 29, 'Ansel Stamm', '405 Lindgren Cove Suite 798\nKochbury, UT 64311', 'in_process', '2021-05-19 00:00:00', NULL, NULL, NULL, NULL, NULL, NULL, '2022-01-20 02:58:07', '2022-01-20 02:58:07');
INSERT INTO `points` (`id`, `order_id`, `name`, `address`, `status`, `date`, `from`, `to`, `from_lat`, `from_long`, `to_lat`, `to_long`, `created_at`, `updated_at`) VALUES
(248, 9, 'Kamryn Schinner Jr.', '36073 Hill Spring\nEmardview, MA 49559', 'in_process', '2019-01-28 00:00:00', NULL, NULL, NULL, NULL, NULL, NULL, '2022-01-20 02:58:07', '2022-01-20 02:58:07'),
(249, 33, 'Annabel Towne', '997 Spinka Run Suite 541\nHagenesland, RI 68748', 'in_process', '2022-01-08 00:00:00', NULL, NULL, NULL, NULL, NULL, NULL, '2022-01-20 02:58:07', '2022-01-20 02:58:07'),
(250, 25, 'Destiny Moen', '435 Sabina Alley Suite 124\nRodgerstad, ND 38833', 'in_process', '2020-02-18 00:00:00', NULL, NULL, NULL, NULL, NULL, NULL, '2022-01-20 02:58:07', '2022-01-20 02:58:07');

-- --------------------------------------------------------

--
-- Структура таблицы `products`
--

CREATE TABLE `products` (
  `id` bigint(20) UNSIGNED NOT NULL,
  `point_id` bigint(20) UNSIGNED NOT NULL,
  `name` varchar(255) COLLATE utf8mb4_unicode_ci NOT NULL,
  `code` varchar(255) COLLATE utf8mb4_unicode_ci NOT NULL,
  `status` enum('in_process','finished') COLLATE utf8mb4_unicode_ci NOT NULL DEFAULT 'in_process',
  `created_at` timestamp NULL DEFAULT NULL,
  `updated_at` timestamp NULL DEFAULT NULL
) ENGINE=InnoDB DEFAULT CHARSET=utf8mb4 COLLATE=utf8mb4_unicode_ci;

--
-- Дамп данных таблицы `products`
--

INSERT INTO `products` (`id`, `point_id`, `name`, `code`, `status`, `created_at`, `updated_at`) VALUES
(1, 197, 'EVDCF6IDKAKQDGUK12CG', '28zrpgeods7mjgt', 'in_process', '2022-01-20 02:58:07', '2022-01-20 02:58:07'),
(2, 197, 'WTHZF9CEO0ANC8XVOOEZ', 'pstwj2zypmtdv0a', 'in_process', '2022-01-20 02:58:07', '2022-01-20 02:58:07'),
(3, 201, 'TOLMDFYKHAYAQDW8QOUR', 'yazfgc73blphqbq', 'in_process', '2022-01-20 02:58:07', '2022-01-20 02:58:07'),
(4, 181, 'HPYGACIIIR1XV4AT2HK1', 'gvrbu9edkide6ip', 'in_process', '2022-01-20 02:58:07', '2022-01-20 02:58:07'),
(5, 206, 'BMSN15B4SLXLI7KWMWJZ', 'qgtvjwv2afwk09j', 'in_process', '2022-01-20 02:58:07', '2022-01-20 02:58:07'),
(6, 57, 'ZFER0W81NY8UTS1X71IT', 'bafpdmieswipenw', 'in_process', '2022-01-20 02:58:07', '2022-01-20 02:58:07'),
(7, 243, 'QPCNTYGBBZHQILGGLLNC', '58jem9quisqn5aq', 'in_process', '2022-01-20 02:58:07', '2022-01-20 02:58:07'),
(8, 191, 'BQ2K5SB5K9DIKX3JRJFC', 'h4daunrulb43cts', 'in_process', '2022-01-20 02:58:07', '2022-01-20 02:58:07'),
(9, 90, 'CSHHJY4CERBUGKR8LNRT', 'jfeai31ze3h3dq7', 'in_process', '2022-01-20 02:58:07', '2022-01-20 02:58:07'),
(10, 47, 'FTVJ9K3TQHQTHPCOHLZW', 'rtkpt3lt5axsglm', 'in_process', '2022-01-20 02:58:07', '2022-01-20 02:58:07'),
(11, 196, 'D9SYAVAHSPZQKPDUEDI2', 'vnlkm7l26xl0y42', 'in_process', '2022-01-20 02:58:07', '2022-01-20 02:58:07'),
(12, 172, 'XH4LMAAK5DKMBX5P02YO', 'chtcfiusaymnlqg', 'in_process', '2022-01-20 02:58:07', '2022-01-20 02:58:07'),
(13, 221, '73J27DMZFFGWCXPFSUQ7', 'r59jqvz38z4fdji', 'in_process', '2022-01-20 02:58:07', '2022-01-20 02:58:07'),
(14, 130, '2KGZWEMQMRUZPKBTAKWA', 'vojhsbyzelehkk4', 'in_process', '2022-01-20 02:58:07', '2022-01-20 02:58:07'),
(15, 131, 'BFVWYG5R3TD4WL9WYBHO', 'w2ezbmztycs0j4i', 'in_process', '2022-01-20 02:58:07', '2022-01-20 02:58:07'),
(16, 102, '7JZA8KWJNRW5YLXO0H7U', 'joozyauwy7qxgyj', 'in_process', '2022-01-20 02:58:07', '2022-01-20 02:58:07'),
(17, 94, 'DBHQYQLODUAHFOZISP2H', 'eufs0jfnvfacdmd', 'in_process', '2022-01-20 02:58:07', '2022-01-20 02:58:07'),
(18, 15, 'F1D95M1EQHHRFTZBOMSV', 'ag4eapaz6oxcfis', 'in_process', '2022-01-20 02:58:07', '2022-01-20 02:58:07'),
(19, 235, 'HANPNMPIKABUBHOLVBE4', 'ff8pbgnpt5u43me', 'in_process', '2022-01-20 02:58:07', '2022-01-20 02:58:07'),
(20, 180, 'THMDJQKVGOFUELPP5YEI', '5ky1x0kz8kndkrl', 'in_process', '2022-01-20 02:58:07', '2022-01-20 02:58:07'),
(21, 24, 'QMM0WVY4JSVA8BDPFRBQ', 'ar7bvj85g83dbju', 'in_process', '2022-01-20 02:58:07', '2022-01-20 02:58:07'),
(22, 224, 'LXFY42T4RUPAF9WH2HWD', 'pevgnk0tj4xcz8d', 'in_process', '2022-01-20 02:58:07', '2022-01-20 02:58:07'),
(23, 5, 'RZC9QZJ9RCKZHEUYU7OM', '4xmoquzjomvg21g', 'in_process', '2022-01-20 02:58:07', '2022-01-20 02:58:07'),
(24, 117, 'EAZTDVVKVDELQ3XFEQXC', 'jqqv7jdw3jxpweh', 'in_process', '2022-01-20 02:58:07', '2022-01-20 02:58:07'),
(25, 105, 'RUGHESWLEO1YOLCRJ6Z9', 'zgavouq91659suq', 'in_process', '2022-01-20 02:58:07', '2022-01-20 02:58:07'),
(26, 5, 'XU12CRFL0C2WEM9HHTB4', 'xibkuf46qimsl2b', 'in_process', '2022-01-20 02:58:07', '2022-01-20 02:58:07'),
(27, 65, 'ET7TPNFLWGFCWVJRXTSR', 'qedsaoawns0ps4i', 'in_process', '2022-01-20 02:58:07', '2022-01-20 02:58:07'),
(28, 246, 'LDHNC2DSXMBSQHW1F5KY', 'wpxtarilrstwujj', 'in_process', '2022-01-20 02:58:07', '2022-01-20 02:58:07'),
(29, 88, 'DTP3269QD7K4WFHTXS8Y', 'hxmsqpclgs1n3qd', 'in_process', '2022-01-20 02:58:07', '2022-01-20 02:58:07'),
(30, 193, 'WM3ICCVAW7DW9GOSIWDK', 'x3uanomz9vn2hzr', 'in_process', '2022-01-20 02:58:07', '2022-01-20 02:58:07'),
(31, 180, 'WDNRHGVACKNJEGZWZFM4', '5dmkccf2lut96il', 'in_process', '2022-01-20 02:58:07', '2022-01-20 02:58:07'),
(32, 146, '2Q8BWJZDOLSVYXGAHRBF', 'lgaglb250rhobay', 'in_process', '2022-01-20 02:58:07', '2022-01-20 02:58:07'),
(33, 228, 'O6HKCXJ201XFM7F9QZ4D', 'g4vezew4yxjpvra', 'in_process', '2022-01-20 02:58:07', '2022-01-20 02:58:07'),
(34, 218, 'BJG2CYI3RLWNLG68YLJ3', 'ddpvbpwboiswdj9', 'in_process', '2022-01-20 02:58:07', '2022-01-20 02:58:07'),
(35, 151, '889FA641ETBLVX20RCZB', 'rcrohsr2j2nylsu', 'in_process', '2022-01-20 02:58:07', '2022-01-20 02:58:07'),
(36, 74, 'Y8GIC5NG5DZTCKSFQJ4X', 'aib11h487sefmbo', 'in_process', '2022-01-20 02:58:07', '2022-01-20 02:58:07'),
(37, 161, '41OSFNAHMGURNHYYERD4', 'o9tj6csm6kpvr4q', 'in_process', '2022-01-20 02:58:07', '2022-01-20 02:58:07'),
(38, 102, 'PXD5CGWJOA7H0FLCPZVO', 'gai0c503ujkaoj1', 'in_process', '2022-01-20 02:58:07', '2022-01-20 02:58:07'),
(39, 11, 'HUP6RMJY1R0K3S75MPSY', '6f6b5alu5hut1o2', 'in_process', '2022-01-20 02:58:07', '2022-01-20 02:58:07'),
(40, 197, 'MQWZVTOCGXOOTCBURX2K', 'gioncik6z8juhic', 'in_process', '2022-01-20 02:58:07', '2022-01-20 02:58:07'),
(41, 138, 'SQKUHFJTOJVUNE00UM6K', 'pvfri3ewwmsjilu', 'in_process', '2022-01-20 02:58:07', '2022-01-20 02:58:07'),
(42, 58, 'QENQW8BHHJGA6GBRDPJ6', 'enzq40q0409ivmj', 'in_process', '2022-01-20 02:58:07', '2022-01-20 02:58:07'),
(43, 206, 'CGNA8JMLYOYSKTBPJLKU', 'rkjviobkzrqxttw', 'in_process', '2022-01-20 02:58:07', '2022-01-20 02:58:07'),
(44, 95, 'XTTSLNDX5AYR8FFMEZZZ', 'v103dxe06skxvp4', 'in_process', '2022-01-20 02:58:07', '2022-01-20 02:58:07'),
(45, 58, 'A61AGBURADCOVTA0LDA3', 'tbsexrfehbqxx5l', 'in_process', '2022-01-20 02:58:07', '2022-01-20 02:58:07'),
(46, 236, '9H1VEUNYZRAA95IHQ6JH', '7lr71ilkup8goo6', 'in_process', '2022-01-20 02:58:07', '2022-01-20 02:58:07'),
(47, 236, 'ODYP3HKWDHZDAY1T98GV', 'scfqblxb78gnely', 'in_process', '2022-01-20 02:58:07', '2022-01-20 02:58:07'),
(48, 55, 'AXZJYKQWPRBTWOKBV4AQ', 'lsgb9hxc8lqj4vy', 'in_process', '2022-01-20 02:58:07', '2022-01-20 02:58:07'),
(49, 135, 'NAVREUG265IKE4FTDMHQ', 'pr92ljrb0pioyu0', 'in_process', '2022-01-20 02:58:07', '2022-01-20 02:58:07'),
(50, 10, 'VRKTUVWPN4FCMBRVZC7Z', 'n9q8vrz6ocyjhp5', 'in_process', '2022-01-20 02:58:07', '2022-01-20 02:58:07'),
(51, 37, 'HL6SQP0KU7ALFSGN4ETV', '6rzefmcxhftenh1', 'in_process', '2022-01-20 02:58:07', '2022-01-20 02:58:07'),
(52, 14, '2XADVJSSJ5DLXH4YMTLU', 'hzlw8vryp52cwgr', 'in_process', '2022-01-20 02:58:07', '2022-01-20 02:58:07'),
(53, 201, 'XWZSALS1EIJAJP2RYAUT', 'ioab1whgurv5wt5', 'in_process', '2022-01-20 02:58:07', '2022-01-20 02:58:07'),
(54, 76, 'YBQ8CFTPC9IHEH1CAFDH', 'ypjmsycjg0zltlm', 'in_process', '2022-01-20 02:58:07', '2022-01-20 02:58:07'),
(55, 188, 'MWOZXJKMYVGHPUR2CEHI', 'ahf7ggu88jah2hb', 'in_process', '2022-01-20 02:58:07', '2022-01-20 02:58:07'),
(56, 199, 'BZ53GFMESWCZHYKUPYVT', 'kxkprovsno9gpqr', 'in_process', '2022-01-20 02:58:07', '2022-01-20 02:58:07'),
(57, 244, 'JDNBTPQH4QQYDBTP6Z8P', 'r9u3pwjyndhc38c', 'in_process', '2022-01-20 02:58:07', '2022-01-20 02:58:07'),
(58, 120, '90RNAWD37A2QT2DGOQRL', 'xq4cmwftvxqliah', 'in_process', '2022-01-20 02:58:07', '2022-01-20 02:58:07'),
(59, 7, 'UGXSOOEKLGDBZZU2UA86', 'dejnkhanvbmzh3b', 'in_process', '2022-01-20 02:58:07', '2022-01-20 02:58:07'),
(60, 107, '9FXCLJXO9DKLS4GCF2KV', 'g54zmmcxuautfcx', 'in_process', '2022-01-20 02:58:07', '2022-01-20 02:58:07'),
(61, 242, 'JS5JSBNB5DOFPVVAKFKS', 'rbslgkhn9bakism', 'in_process', '2022-01-20 02:58:07', '2022-01-20 02:58:07'),
(62, 59, '3J34HJIXPW5VH02QR5XL', 'smlpxfnvqzpspkk', 'in_process', '2022-01-20 02:58:07', '2022-01-20 02:58:07'),
(63, 83, 'TDA4EBWRP9ZMPBMUGJEU', 'cnk1nv40emtcao0', 'in_process', '2022-01-20 02:58:07', '2022-01-20 02:58:07'),
(64, 104, '373PTVAARZYAS1NJF5LB', 'gdokkxlnsjwsv5v', 'in_process', '2022-01-20 02:58:07', '2022-01-20 02:58:07'),
(65, 9, 'CYXS6TPK6T1EW8NQHU9N', 'irpl0ta22hqgx0j', 'in_process', '2022-01-20 02:58:07', '2022-01-20 02:58:07'),
(66, 44, '6KVPORKFT7Y5QYTHBJ6B', 'kfuo3x7fyk0ugfi', 'in_process', '2022-01-20 02:58:07', '2022-01-20 02:58:07'),
(67, 148, 'U2RM1CUYW3MSRHT8HUCP', 'qbwccxczpkxruhd', 'in_process', '2022-01-20 02:58:07', '2022-01-20 02:58:07'),
(68, 216, 'IYQ84V1UAZSMJUMK5EIT', '2dqa72y0tckjskb', 'in_process', '2022-01-20 02:58:07', '2022-01-20 02:58:07'),
(69, 225, 'IBXIBTQSFTUAYLFUWKQX', 'ot5dkuyeloscbdz', 'in_process', '2022-01-20 02:58:07', '2022-01-20 02:58:07'),
(70, 172, 'RP8QCSX83WCZWZ2LDX0S', 'eav9h4mswpejy5h', 'in_process', '2022-01-20 02:58:07', '2022-01-20 02:58:07'),
(71, 162, 'KI1ROVYBRZWTOUFQYPO2', 'fjz9q006dbl2dn1', 'in_process', '2022-01-20 02:58:07', '2022-01-20 02:58:07'),
(72, 52, 'AEIFCYRQ0ZKY46XSYX2N', 'rtowo6mxe6ennel', 'in_process', '2022-01-20 02:58:07', '2022-01-20 02:58:07'),
(73, 172, '8TV6OYUEAVQW476FLVLQ', 'wk1wupasftvpbci', 'in_process', '2022-01-20 02:58:07', '2022-01-20 02:58:07'),
(74, 135, 'PC1L3XNDQVL7C0FVZFWZ', 'shenbmyqqutpigd', 'in_process', '2022-01-20 02:58:07', '2022-01-20 02:58:07'),
(75, 178, 'UNKIU0YIGLDAX5OS0G0A', 'abg1txirsqwkmwu', 'in_process', '2022-01-20 02:58:07', '2022-01-20 02:58:07'),
(76, 212, 'QLGP09HA7ISHQ11HLVYL', 'gxzfwwda8e9z63o', 'in_process', '2022-01-20 02:58:07', '2022-01-20 02:58:07'),
(77, 132, 'OVSPISRFUWMXGSAPASBU', 'oknt5aqcfavfrnc', 'in_process', '2022-01-20 02:58:07', '2022-01-20 02:58:07'),
(78, 77, 'ZACBPW1F1SF0C9YTJBHA', 'lu7zmaxbm1gzfce', 'in_process', '2022-01-20 02:58:07', '2022-01-20 02:58:07'),
(79, 123, 'TAPS6EJIVDKNICHQ8VWH', 'hbd60ukhcke19md', 'in_process', '2022-01-20 02:58:07', '2022-01-20 02:58:07'),
(80, 140, '0APJ2W61XTGRNIISV3DY', 'nifgsrute05zzux', 'in_process', '2022-01-20 02:58:07', '2022-01-20 02:58:07'),
(81, 141, 'UPYHOHRKTJXUJVU2ZDXB', '8xsskssb4ewvilt', 'in_process', '2022-01-20 02:58:07', '2022-01-20 02:58:07'),
(82, 24, 'P9H5WCYEL6IPCABPB2ME', 'r8wb2bpo8lcfedw', 'in_process', '2022-01-20 02:58:07', '2022-01-20 02:58:07'),
(83, 238, 'L1RRRFKT4NM1ETMJDN2O', 'yrqqco9h4xru50g', 'in_process', '2022-01-20 02:58:07', '2022-01-20 02:58:07'),
(84, 206, 'DHUVTU3FT908HLU2FM2L', 'uarhak241eb47vl', 'in_process', '2022-01-20 02:58:07', '2022-01-20 02:58:07'),
(85, 223, 'NLC808M50S2YHBA94POE', 'yx6oriiam4kyblk', 'in_process', '2022-01-20 02:58:07', '2022-01-20 02:58:07'),
(86, 97, '8WLHWSTCVBOVI7QD6PY0', 't4uaullrv6ksztw', 'in_process', '2022-01-20 02:58:07', '2022-01-20 02:58:07'),
(87, 3, 'T6GQH2KJKPLIRNIKV5EU', 'bldll9w6hu2ht8c', 'in_process', '2022-01-20 02:58:07', '2022-01-20 02:58:07'),
(88, 27, 'LTW8DOJBIT9LYNHZYP5I', 'jk6jchdzowlxdcn', 'in_process', '2022-01-20 02:58:07', '2022-01-20 02:58:07'),
(89, 15, 'T2TPWYLVZ4XK9P9HMCBO', 'ci9l9xsoniefzp3', 'in_process', '2022-01-20 02:58:07', '2022-01-20 02:58:07'),
(90, 195, 'IJLPQO425WRV0OABEZLN', 'wuluzllwxqyg40b', 'in_process', '2022-01-20 02:58:07', '2022-01-20 02:58:07'),
(91, 89, 'EE3XCAMHHQLI7ZJLOVXH', 'fy3w9mmhgpfj1fh', 'in_process', '2022-01-20 02:58:07', '2022-01-20 02:58:07'),
(92, 92, 'LAZEWPPVCN10VPUHVCCQ', 'xslcqqf4edafcyb', 'in_process', '2022-01-20 02:58:07', '2022-01-20 02:58:07'),
(93, 48, 'K0FUR8MGDTFQSJO6AAKB', 'eifr9okp8qbu5mq', 'in_process', '2022-01-20 02:58:07', '2022-01-20 02:58:07'),
(94, 32, 'PNEGD50HL7T6EUKBZBLW', '0hadarvemdzkqvn', 'in_process', '2022-01-20 02:58:07', '2022-01-20 02:58:07'),
(95, 175, 'UAX7V7MIDCZJPKVNRGSO', 'yq5jfp5kldzqmfv', 'in_process', '2022-01-20 02:58:07', '2022-01-20 02:58:07'),
(96, 34, 'HNREQ7CY9JFQPX68C3GM', 'l0k19ofid8zsu77', 'in_process', '2022-01-20 02:58:07', '2022-01-20 02:58:07'),
(97, 20, 'YPIU94UDZOX8IZUKFUAK', 'czsajq92s1zqxqj', 'in_process', '2022-01-20 02:58:07', '2022-01-20 02:58:07'),
(98, 96, 'HKPHULXAACITQRF69QKA', 'ppxlsvazjfmyjx4', 'in_process', '2022-01-20 02:58:07', '2022-01-20 02:58:07'),
(99, 113, 'OOGJUCYRKEQXQT2Q3IWL', 'xfgg0jej4dk0k9f', 'in_process', '2022-01-20 02:58:07', '2022-01-20 02:58:07'),
(100, 52, 'SNDBEGYPTA9MCLTAS9KH', 'mxtkshfuczkdlp0', 'in_process', '2022-01-20 02:58:07', '2022-01-20 02:58:07'),
(101, 178, 'JWKIYE4KFRRJFKLJCGPU', 'wlzdkb62z8rsxxi', 'in_process', '2022-01-20 02:58:07', '2022-01-20 02:58:07'),
(102, 37, 'YFUJ0RNLYKHU0IQHQALZ', 'pmzpfcbyeauggwd', 'in_process', '2022-01-20 02:58:07', '2022-01-20 02:58:07'),
(103, 56, 'CJU9JPSDOJZNKRQTIS44', 'd6z2b2fm9lmdko4', 'in_process', '2022-01-20 02:58:07', '2022-01-20 02:58:07'),
(104, 219, 'NYM3TCNK1ORWXVI5IHGV', '7wwi45uf9wtaioj', 'in_process', '2022-01-20 02:58:07', '2022-01-20 02:58:07'),
(105, 36, 'XTLKBQNVFMBWUAQOIDO2', '0mqkshwpkwgtac5', 'in_process', '2022-01-20 02:58:07', '2022-01-20 02:58:07'),
(106, 164, 'KHBFF7JL7BPGFGFYGYB6', 'jz29kgkmo0nyd5q', 'in_process', '2022-01-20 02:58:07', '2022-01-20 02:58:07'),
(107, 76, 'BS7XBVHVNZNF8RG5ONUI', 'qpppgw5w4uatt8q', 'in_process', '2022-01-20 02:58:07', '2022-01-20 02:58:07'),
(108, 133, '8UWFZ7JZDUTKZKWYOJVS', 'pscuymsjb9syqmf', 'in_process', '2022-01-20 02:58:07', '2022-01-20 02:58:07'),
(109, 167, 'ICS6NGVRWOJOY9GZKSYJ', 'jdxaw2etmjwouqt', 'in_process', '2022-01-20 02:58:07', '2022-01-20 02:58:07'),
(110, 121, 'EOXA8YZOD9MCNJS5WO7G', 'smyzvs0sscqx4oa', 'in_process', '2022-01-20 02:58:07', '2022-01-20 02:58:07'),
(111, 125, 'HNQOW0ZASJVLZGXE5AIT', 'eahurli6qakdnyi', 'in_process', '2022-01-20 02:58:07', '2022-01-20 02:58:07'),
(112, 209, 'GQD3HH83PGLARMMSR3AL', 'qaioxnss3nn2ush', 'in_process', '2022-01-20 02:58:07', '2022-01-20 02:58:07'),
(113, 39, 'KWMJHPDV72X2YPCTV5FB', 'dwcfl38udy5ephr', 'in_process', '2022-01-20 02:58:07', '2022-01-20 02:58:07'),
(114, 161, 'A3ZU5RWOUK7LVRUCRUNO', 'nkltu0pdmxwjqsu', 'in_process', '2022-01-20 02:58:07', '2022-01-20 02:58:07'),
(115, 138, 'SDXEACFNYF8TI1JGUH14', 'gjugs1z8rfktgde', 'in_process', '2022-01-20 02:58:07', '2022-01-20 02:58:07'),
(116, 3, 'VIWEBYFSTK7DHSUOLNP2', 'xiz04apvkxeiomy', 'in_process', '2022-01-20 02:58:07', '2022-01-20 02:58:07'),
(117, 36, 'PYASZG5SQHE5VQE9Q7FU', 'eii4gcho9wlugui', 'in_process', '2022-01-20 02:58:07', '2022-01-20 02:58:07'),
(118, 93, 'IOVUXJWBFSRAHCHBWVFU', 'bqqtlchd0edkowo', 'in_process', '2022-01-20 02:58:07', '2022-01-20 02:58:07'),
(119, 90, 'T4ND2KGAEEWSVQBTZPEZ', 'njjggfcbuceuvis', 'in_process', '2022-01-20 02:58:07', '2022-01-20 02:58:07'),
(120, 201, 'FULTZRJPWIP1HCAI3IV9', 'en5uhaiw5hgvvsr', 'in_process', '2022-01-20 02:58:07', '2022-01-20 02:58:07'),
(121, 185, 'DYBAQMQSBFWQF37B8KI8', '0fxdbvd247f4fqu', 'in_process', '2022-01-20 02:58:07', '2022-01-20 02:58:07'),
(122, 206, '56SIXBLWO3GEEAS4YYKR', 'fyc3clwownfndfz', 'in_process', '2022-01-20 02:58:07', '2022-01-20 02:58:07'),
(123, 64, 'XEVC9VH4FUKTAM5A1QCU', 'zoe351k0icnfbw8', 'in_process', '2022-01-20 02:58:07', '2022-01-20 02:58:07'),
(124, 83, 'VZPVHJKZKF0OB8NUN2SJ', 'pnltgryhtybeeqx', 'in_process', '2022-01-20 02:58:07', '2022-01-20 02:58:07'),
(125, 238, 'SZEMZTCABIL86RZNAPFO', 'ssmg4qf5ntfvwey', 'in_process', '2022-01-20 02:58:07', '2022-01-20 02:58:07'),
(126, 79, 'ZD8TUVS6N7TAYV4SENWP', 'fbuq1wtirg55rb3', 'in_process', '2022-01-20 02:58:07', '2022-01-20 02:58:07'),
(127, 99, '0O4QU8DJPXIYRHIWPS1Z', 'oqun9ggalkraooi', 'in_process', '2022-01-20 02:58:07', '2022-01-20 02:58:07'),
(128, 145, 'KNNMH5EINHU5EVT8NNDK', '72fefmxdaptmvn7', 'in_process', '2022-01-20 02:58:07', '2022-01-20 02:58:07'),
(129, 30, 'KQGSBMTPE9D7HLZ14SHW', '9afxbkia27efinq', 'in_process', '2022-01-20 02:58:07', '2022-01-20 02:58:07'),
(130, 109, 'DCBHC1RQM2PTNTV2EJ5W', 'wmavksqaayx1whv', 'in_process', '2022-01-20 02:58:07', '2022-01-20 02:58:07'),
(131, 128, 'EUMIHSJRWEUQU2AWR5ZP', 'xsqccpk7ypvw1tm', 'in_process', '2022-01-20 02:58:07', '2022-01-20 02:58:07'),
(132, 145, 'CJIYL5PQV2ZN1SZIASYO', 'fgptia1vvn1t3e2', 'in_process', '2022-01-20 02:58:07', '2022-01-20 02:58:07'),
(133, 244, 'FGMKPXWVHZNRSEDSINEG', 'zcqugpkis1xlbah', 'in_process', '2022-01-20 02:58:07', '2022-01-20 02:58:07'),
(134, 2, 'IUS7YLXWVSFLWGFHQBMT', 'b22ra7divmcooli', 'in_process', '2022-01-20 02:58:07', '2022-01-20 02:58:07'),
(135, 190, 'B402V5ZZ39IOWKI4EVQG', 'e0jmhymdksnjx1u', 'in_process', '2022-01-20 02:58:07', '2022-01-20 02:58:07'),
(136, 26, 'NYEB4CYU0BQWBZYKNZWB', 'wst9akvbag0vufw', 'in_process', '2022-01-20 02:58:07', '2022-01-20 02:58:07'),
(137, 189, 'YN8XA7H9RRBSETDULWVL', 'lvpebmfhu8gycaj', 'in_process', '2022-01-20 02:58:07', '2022-01-20 02:58:07'),
(138, 158, 'DCHPAAQ4VRFMVM7WXUW0', '8snuoie8b3oyekg', 'in_process', '2022-01-20 02:58:07', '2022-01-20 02:58:07'),
(139, 180, 'JT68MWJYQGMUMREH1KIE', 're2fkwbrmcpthat', 'in_process', '2022-01-20 02:58:07', '2022-01-20 02:58:07'),
(140, 6, 'MULKWITKONBDHY0SZEET', 'p6fmtvsuyrmkqyi', 'in_process', '2022-01-20 02:58:07', '2022-01-20 02:58:07'),
(141, 77, 'X1UXVSIOCQGX4MOS4VHL', 'upmgfadxmnlib0i', 'in_process', '2022-01-20 02:58:07', '2022-01-20 02:58:07'),
(142, 211, 'T5I6H3O65TMMHJTZDXL2', 'q7nwtoe6afo3bhv', 'in_process', '2022-01-20 02:58:07', '2022-01-20 02:58:07'),
(143, 69, 'RZSCTGTD68NWAFM8WS1F', 'ouslunatcrg8l0c', 'in_process', '2022-01-20 02:58:07', '2022-01-20 02:58:07'),
(144, 215, 'WX8T0GG1XBWKYQMXVNAZ', '5hy3idssu70jkbu', 'in_process', '2022-01-20 02:58:07', '2022-01-20 02:58:07'),
(145, 26, '8J3FB7N1388KM1YAXDYB', 'a0mohtgi4gnd6eu', 'in_process', '2022-01-20 02:58:07', '2022-01-20 02:58:07'),
(146, 200, 'MNMXLGCRRXDESQRFSVQH', 'cqckjc0gcc6edxo', 'in_process', '2022-01-20 02:58:07', '2022-01-20 02:58:07'),
(147, 225, 'O3OWE7ZCTOIMQUM9DG8M', 'wexogj6obu1gqct', 'in_process', '2022-01-20 02:58:07', '2022-01-20 02:58:07'),
(148, 30, 'YWET9SX66PULB7SBW1CR', 'f55nrbsmapjmvyv', 'in_process', '2022-01-20 02:58:07', '2022-01-20 02:58:07'),
(149, 15, '2FFUF0B4OZAGTJTDP8UO', 'dysgmubdu6aqnrg', 'in_process', '2022-01-20 02:58:07', '2022-01-20 02:58:07'),
(150, 135, 'NGJL1IHXGTDDFRQK9Y6M', 'vi1kp86c4vpltbv', 'in_process', '2022-01-20 02:58:07', '2022-01-20 02:58:07'),
(151, 151, 'S7ISTTS3OJGICMVLWPLW', 'tkejh4hafepuoqx', 'in_process', '2022-01-20 02:58:07', '2022-01-20 02:58:07'),
(152, 49, 'MAKGM5WHCBESFBGOXKJH', 'qeotnie9jby2p6n', 'in_process', '2022-01-20 02:58:07', '2022-01-20 02:58:07'),
(153, 248, 'VJAOBOG2DY6A2QKZC1JQ', 'mcacw2banr67goj', 'in_process', '2022-01-20 02:58:07', '2022-01-20 02:58:07'),
(154, 48, 'ZWOMRSOSFZ9O7ENJOJEO', 'punmqwldzqgkifb', 'in_process', '2022-01-20 02:58:07', '2022-01-20 02:58:07'),
(155, 11, 'RNLJJNMDI5AZOHB6CJZF', 'uugj7vsmvrocrgv', 'in_process', '2022-01-20 02:58:07', '2022-01-20 02:58:07'),
(156, 80, 'M70QHOSRVMQWQA8TSNUC', 'mkunthzpz2dxco2', 'in_process', '2022-01-20 02:58:07', '2022-01-20 02:58:07'),
(157, 111, 'JM2CM1PCPYLCVHSYIC64', 'aqnkr9mblttxvyl', 'in_process', '2022-01-20 02:58:07', '2022-01-20 02:58:07'),
(158, 222, 'FR5PJGXJFAPHN8VRHMM1', 'btgrotiidjl6ojb', 'in_process', '2022-01-20 02:58:07', '2022-01-20 02:58:07'),
(159, 58, 'BBSR2YKDBHUV1BPH8RD7', 'y0xuijeujvzr9op', 'in_process', '2022-01-20 02:58:07', '2022-01-20 02:58:07'),
(160, 101, 'IW3AGRB5QHQAONPOS81C', '5ylt0l7wfbg9qvg', 'in_process', '2022-01-20 02:58:07', '2022-01-20 02:58:07'),
(161, 130, 'FH0GTOYAEJTNGJZJ7TYA', 'pregb9xtxi1qkmc', 'in_process', '2022-01-20 02:58:07', '2022-01-20 02:58:07'),
(162, 85, 'RB1WWTMQN76PO0PNMUEP', 'il3c9upd2l2pic2', 'in_process', '2022-01-20 02:58:07', '2022-01-20 02:58:07'),
(163, 186, 'SEXV9TLR0TFUXVZIOSDG', 'tfkskkmytgvurcf', 'in_process', '2022-01-20 02:58:07', '2022-01-20 02:58:07'),
(164, 250, 'DYX6ATZYNVMYJIFADHHD', 'akmqehooku14kgp', 'in_process', '2022-01-20 02:58:07', '2022-01-20 02:58:07'),
(165, 178, '9OONUGB0TU5UD2FGAFJ0', 'dflmea0wryfnorf', 'in_process', '2022-01-20 02:58:07', '2022-01-20 02:58:07'),
(166, 218, 'QZPFCK2QFIWOCKOT5L6W', 'e2adg1rkjqxzbve', 'in_process', '2022-01-20 02:58:07', '2022-01-20 02:58:07'),
(167, 82, 'VDH08WJBKU2LTTYFPLHE', 'a5x4lt2eecu3as2', 'in_process', '2022-01-20 02:58:07', '2022-01-20 02:58:07'),
(168, 215, '6U4DXPUGCGNDHEKTH8BI', 'tvyykrbdvmhxyry', 'in_process', '2022-01-20 02:58:07', '2022-01-20 02:58:07'),
(169, 116, '08GXENVKTPSEB5VK3SRB', '3zierzkyjhmp1se', 'in_process', '2022-01-20 02:58:07', '2022-01-20 02:58:07'),
(170, 83, 'EBDHHOXKFGPPAEQ8BAQ0', 'uijo540uqhrdtw3', 'in_process', '2022-01-20 02:58:07', '2022-01-20 02:58:07'),
(171, 73, '1POMY77EF6O9MGW1XQRX', 'fdojcucro0fp9m2', 'in_process', '2022-01-20 02:58:07', '2022-01-20 02:58:07'),
(172, 65, '0XAYSUP9YVTVWGVMGTNK', 'eqyul20gmemp54d', 'in_process', '2022-01-20 02:58:07', '2022-01-20 02:58:07'),
(173, 110, 'HH6WXIWRLBB7ZEYVEEGC', 'fuoenylwbxyklyp', 'in_process', '2022-01-20 02:58:07', '2022-01-20 02:58:07'),
(174, 87, '5CLHNOXKYQYCKUHEDLC2', '83el7clh5pbry1p', 'in_process', '2022-01-20 02:58:07', '2022-01-20 02:58:07'),
(175, 69, 'BUYR4LMQU9VJNOSUBEJJ', 'stxslis2yqczepu', 'in_process', '2022-01-20 02:58:07', '2022-01-20 02:58:07'),
(176, 91, 'QLK54AEGY9PKMBFNLTQX', 'flmyr1ihgvfz2eh', 'in_process', '2022-01-20 02:58:07', '2022-01-20 02:58:07'),
(177, 249, '7QTDMFHG3WCZL9DIXAB1', 'qvio1ff3iq2oqc0', 'in_process', '2022-01-20 02:58:07', '2022-01-20 02:58:07'),
(178, 229, 'BVQNGSKMKZLWNSTCNBDT', '9msw8eoujfgqran', 'in_process', '2022-01-20 02:58:07', '2022-01-20 02:58:07'),
(179, 231, 'JTSH2N8RG34NTPPFYYTG', '6b7roxbqusfi6f0', 'in_process', '2022-01-20 02:58:07', '2022-01-20 02:58:07'),
(180, 69, 'CKGVHURHQXFTW9ZLZ8WH', 'gwzlsrlnz0hlida', 'in_process', '2022-01-20 02:58:07', '2022-01-20 02:58:07'),
(181, 215, 'ETSNNBCQ2UD80LRCOW3C', 'vyuxgcmwkjdddmg', 'in_process', '2022-01-20 02:58:07', '2022-01-20 02:58:07'),
(182, 104, 'CTTA4SIHOV5DHO18UP8D', 'mhjpafvtiqap4l3', 'in_process', '2022-01-20 02:58:07', '2022-01-20 02:58:07'),
(183, 9, 'ENCLPYIZDXS1DC3OWBFX', 'ko9zn9zyefw4qso', 'in_process', '2022-01-20 02:58:07', '2022-01-20 02:58:07'),
(184, 39, 'ZS2AERPVNLSTQNBF1VGP', '9qauu11unwuqhdf', 'in_process', '2022-01-20 02:58:07', '2022-01-20 02:58:07'),
(185, 172, 'XAUXKHIAI0S9NJRN7FK3', 'nyficgt688xf602', 'in_process', '2022-01-20 02:58:07', '2022-01-20 02:58:07'),
(186, 236, 'MGM6BX4CITDHJBE7DSKZ', '6xtdfw4fb4tfylf', 'in_process', '2022-01-20 02:58:07', '2022-01-20 02:58:07'),
(187, 81, 'E5B0FWULGW0C1RNR3Q15', 'pudikuivnrrwb4c', 'in_process', '2022-01-20 02:58:07', '2022-01-20 02:58:07'),
(188, 222, '1QGSGMHGVB2FEV0UOL3S', '21cpe7gmj7tclqv', 'in_process', '2022-01-20 02:58:07', '2022-01-20 02:58:07'),
(189, 202, 'WLE6TAOKEGKKRMY47RBC', 'hvahwbctdvqyzbg', 'in_process', '2022-01-20 02:58:07', '2022-01-20 02:58:07'),
(190, 90, 'VA3W2ZFXMZLDL5NW8ESA', 'eqmi59qf8xeaz7n', 'in_process', '2022-01-20 02:58:07', '2022-01-20 02:58:07'),
(191, 107, 'PDFSGE4MH2M8I5WR2Z1I', 'f5iop3kavvjoymg', 'in_process', '2022-01-20 02:58:07', '2022-01-20 02:58:07'),
(192, 170, 'PY3F6FDVHOY9GQBH1ETR', 'plw0qjbvtjducol', 'in_process', '2022-01-20 02:58:07', '2022-01-20 02:58:07'),
(193, 112, '0LZBN5D8PGO9HXXOYRNK', 'btw3tpkwywpgpg6', 'in_process', '2022-01-20 02:58:07', '2022-01-20 02:58:07'),
(194, 47, 'KIGTKZBUE1YUVJDPLYUJ', 'sfguxfawrjrdlwq', 'in_process', '2022-01-20 02:58:07', '2022-01-20 02:58:07'),
(195, 204, 'Q501VDYKLBOJXBZ1599V', 'guxnq4aqasmpdz4', 'in_process', '2022-01-20 02:58:07', '2022-01-20 02:58:07'),
(196, 195, 'Q7B5N6VLQHDIWYUDSM4S', 'mprpn1k619yh6kc', 'in_process', '2022-01-20 02:58:07', '2022-01-20 02:58:07'),
(197, 25, 'O4RCQPHROXAIVUJ6EBOW', 'ac4liabrhiqeoza', 'in_process', '2022-01-20 02:58:07', '2022-01-20 02:58:07'),
(198, 222, 'WMKR90IEGMM8EAOW99EF', 'hfwq6nsoai25icl', 'in_process', '2022-01-20 02:58:07', '2022-01-20 02:58:07'),
(199, 162, 'VO99IAM7BIB0QZHJS385', 'vki6e2c4xdqt61b', 'in_process', '2022-01-20 02:58:07', '2022-01-20 02:58:07'),
(200, 246, 'ZL1CHXPNHY0ODR6Z4ZF8', 'pauy57wchfuxpxk', 'in_process', '2022-01-20 02:58:07', '2022-01-20 02:58:07'),
(201, 165, 'F0SIOSVGQ07KOQSJLWGM', 'gwyhuxkl8emvdg6', 'in_process', '2022-01-20 02:58:07', '2022-01-20 02:58:07'),
(202, 134, 'GFKOJA2KHFFIKB9LQJV1', 'cel8lhdahhxb2x5', 'in_process', '2022-01-20 02:58:07', '2022-01-20 02:58:07'),
(203, 70, 'WE6ZF60UENBT8HKBPZVW', '5txhbksum8qio9w', 'in_process', '2022-01-20 02:58:07', '2022-01-20 02:58:07'),
(204, 147, '5LSIMMDKPOW3KJCQWCOC', 'eytxdc8wodlttjn', 'in_process', '2022-01-20 02:58:07', '2022-01-20 02:58:07'),
(205, 48, 'D3F0FXF4YV1X60JESB7L', 'n7sxeswxyht4bpc', 'in_process', '2022-01-20 02:58:07', '2022-01-20 02:58:07'),
(206, 129, 'E4RX7NMQKTU50C0KRHUP', 'ziolegni2wvy3pt', 'in_process', '2022-01-20 02:58:07', '2022-01-20 02:58:07'),
(207, 70, 'OQ3032SN8AJ6R38ZOYSB', 'twlwscozthdgszo', 'in_process', '2022-01-20 02:58:07', '2022-01-20 02:58:07'),
(208, 214, '4Y4TIMDGIK1QHH4VTT0V', 'kdkn9jrrymbfmpp', 'in_process', '2022-01-20 02:58:07', '2022-01-20 02:58:07'),
(209, 199, 'WTE0JD42CBAATXJ9LJEE', 'vhr788oquzwigjl', 'in_process', '2022-01-20 02:58:07', '2022-01-20 02:58:07'),
(210, 5, 'OV84PWC0KY8M24NK2WYT', 'qahzfdtjoa7po9a', 'in_process', '2022-01-20 02:58:07', '2022-01-20 02:58:07'),
(211, 117, 'STHPDTZEQYILUEH43BIH', 't2siflmtgznkzhl', 'in_process', '2022-01-20 02:58:07', '2022-01-20 02:58:07'),
(212, 184, 'ANKBISHBFOURGVIGSAJT', 'weo0zlolwk0dsyp', 'in_process', '2022-01-20 02:58:07', '2022-01-20 02:58:07'),
(213, 47, 'AAWGECVVMSOR4QYH0E85', 'fkxxn7gwyozaen1', 'in_process', '2022-01-20 02:58:07', '2022-01-20 02:58:07'),
(214, 86, 'DHMZELZ3LVMVM6DYGKJP', 'lkcyvc6qwfg35jt', 'in_process', '2022-01-20 02:58:07', '2022-01-20 02:58:07'),
(215, 107, 'SWAVYQBT5VRUGB6FLBL9', 'ykuxsespxlh62cs', 'in_process', '2022-01-20 02:58:07', '2022-01-20 02:58:07'),
(216, 184, 'KHLN9ZVIHDHH50WMTEW7', 'awuo6fdaqypeiu5', 'in_process', '2022-01-20 02:58:07', '2022-01-20 02:58:07'),
(217, 97, '4UZLX1U3SYNWOX4ZUZUP', 'sst51d1yq2qwydg', 'in_process', '2022-01-20 02:58:07', '2022-01-20 02:58:07'),
(218, 19, 'UQSQDAQ5EGXC29MZXN7I', '73yoyiohlflptyp', 'in_process', '2022-01-20 02:58:07', '2022-01-20 02:58:07'),
(219, 229, 'KPX1V8BGB6EMKYNDXWYT', '57v4f3lmhfek3dd', 'in_process', '2022-01-20 02:58:07', '2022-01-20 02:58:07'),
(220, 61, 'GNQG0TCCVQVZHRN08MXM', 'whin1pf09gd9ycp', 'in_process', '2022-01-20 02:58:07', '2022-01-20 02:58:07'),
(221, 6, 'IYSQX0PAG5XVO5CU4PZP', 'jvokhnkaoyvgkoz', 'in_process', '2022-01-20 02:58:07', '2022-01-20 02:58:07'),
(222, 143, 'JMP96UEQPAYYMCWNRVXA', 'mvexnie7hoavbmm', 'in_process', '2022-01-20 02:58:07', '2022-01-20 02:58:07'),
(223, 54, 'ITA0G2RTXN3RPVB6ICDW', 'fnh4tjo9n2qxrqs', 'in_process', '2022-01-20 02:58:07', '2022-01-20 02:58:07'),
(224, 25, 'H631TQDYAH9XJ8J05AGM', '3cqgdlchbv7hers', 'in_process', '2022-01-20 02:58:07', '2022-01-20 02:58:07'),
(225, 13, 'NBYI3QYQYXNOPN1VCV4L', 'pjyse3hhnqo68yp', 'in_process', '2022-01-20 02:58:07', '2022-01-20 02:58:07'),
(226, 232, 'HJF1SFD0DBVA8DCXXM91', 'z5knstd1wclddcj', 'in_process', '2022-01-20 02:58:07', '2022-01-20 02:58:07'),
(227, 7, 'MXNA2OEWBL6FXTYVB6BC', 'woqztse2vpo94ah', 'in_process', '2022-01-20 02:58:07', '2022-01-20 02:58:07'),
(228, 219, 'TPAAZT6ZJZTSRJ8DEN7F', 'he3uocqfoxb5mm1', 'in_process', '2022-01-20 02:58:07', '2022-01-20 02:58:07'),
(229, 212, 'YTI5W1VE3Y3YAHRKMJAH', 'lf0nt0tf6x8navu', 'in_process', '2022-01-20 02:58:07', '2022-01-20 02:58:07'),
(230, 83, '8I1TUKJNA77BP9LIJRLT', 'vnqhwzrdpurgwna', 'in_process', '2022-01-20 02:58:07', '2022-01-20 02:58:07'),
(231, 34, 'IHD5HYJLKV0VZ6CZARF1', 'nud12ajuva74a9d', 'in_process', '2022-01-20 02:58:07', '2022-01-20 02:58:07'),
(232, 235, 'S1SIEU0IKYYM9OHOOXDA', 'qrj6qhntwz82hgn', 'in_process', '2022-01-20 02:58:07', '2022-01-20 02:58:07'),
(233, 29, 'PBNIMFI1M9023MPWIHG2', '6dkfsoouk7l8zoz', 'in_process', '2022-01-20 02:58:07', '2022-01-20 02:58:07'),
(234, 120, 'UJPEUKG9T86BFMQOS7OK', '1qdhqfg3bwa8hlw', 'in_process', '2022-01-20 02:58:07', '2022-01-20 02:58:07'),
(235, 151, 'XRJTXHE8IQPKUAX62TSP', 'a88modwptppx7bf', 'in_process', '2022-01-20 02:58:07', '2022-01-20 02:58:07'),
(236, 225, 'JPZ1QFPMQHICXDG4J9ZC', 'bnvqduwqfre4si7', 'in_process', '2022-01-20 02:58:07', '2022-01-20 02:58:07'),
(237, 88, 'FPOPU5VVUGERKSFHZLBP', 'qrhduwfi7pakdfz', 'in_process', '2022-01-20 02:58:07', '2022-01-20 02:58:07'),
(238, 212, 'QC8YUZZWKSEAYORBFJTC', 'hbd9d9amgsfultl', 'in_process', '2022-01-20 02:58:07', '2022-01-20 02:58:07'),
(239, 132, 'NSLODWXVTZYNGRJTLPU4', 'ecwil0nxn6xsuux', 'in_process', '2022-01-20 02:58:07', '2022-01-20 02:58:07'),
(240, 85, 'XIRI5DYIMUS3IIJWUQAO', 'nlaufuuteminthk', 'in_process', '2022-01-20 02:58:07', '2022-01-20 02:58:07'),
(241, 167, '5JHDVZES4M8FDKLBIWZB', 'ovmfos7zmranz95', 'in_process', '2022-01-20 02:58:07', '2022-01-20 02:58:07'),
(242, 13, '3LNBJB6NGASAEEERJMUU', 'dohvecnjeo56cuo', 'in_process', '2022-01-20 02:58:07', '2022-01-20 02:58:07'),
(243, 140, 'DYZF3EPZU6G4O3JCHZY9', 'awrpoyzvzoaaasz', 'in_process', '2022-01-20 02:58:07', '2022-01-20 02:58:07'),
(244, 149, 'WPDP6AK2Z5OENTYYP5FY', 'f5salajugxsehpo', 'in_process', '2022-01-20 02:58:07', '2022-01-20 02:58:07'),
(245, 19, 'XQD0FDIZYPHMAXFVFAW5', 'nnvyh2jy0bg0jja', 'in_process', '2022-01-20 02:58:07', '2022-01-20 02:58:07'),
(246, 221, 'QC4I3NWHDR7JERXXLYXN', 'o5xtub1mvd76bn8', 'in_process', '2022-01-20 02:58:07', '2022-01-20 02:58:07'),
(247, 183, '538T9YMWY801WKWE2MBX', 'wkdujk5dnaqhixe', 'in_process', '2022-01-20 02:58:07', '2022-01-20 02:58:07'),
(248, 58, 'J5CJ7JQCY9FLV705B2PZ', 'pbfeiobglncp45f', 'in_process', '2022-01-20 02:58:07', '2022-01-20 02:58:07'),
(249, 186, 'HET1TF5QFWFRXKLYZUTI', 'k5qc8u6rxx1oh4y', 'in_process', '2022-01-20 02:58:07', '2022-01-20 02:58:07'),
(250, 243, 'RTXKLH514DHC4OUHBG8P', 'dhkslze4hjcxbkf', 'in_process', '2022-01-20 02:58:07', '2022-01-20 02:58:07'),
(251, 113, 'R4QJRE5OGMNPGQMHXCLX', '5jsano3uqaqztgv', 'in_process', '2022-01-20 02:58:07', '2022-01-20 02:58:07'),
(252, 168, 'SM26LETPOCPBCVUAT1AL', 'flciiulqopru9oj', 'in_process', '2022-01-20 02:58:07', '2022-01-20 02:58:07'),
(253, 145, 'UB1MSOLRR2ECU46ACPHG', 'fab0mqguvx6l80z', 'in_process', '2022-01-20 02:58:07', '2022-01-20 02:58:07'),
(254, 76, '2UEUIYNKSGHCIA1RRPTY', 'ffloqfwabyimjqd', 'in_process', '2022-01-20 02:58:07', '2022-01-20 02:58:07'),
(255, 129, 'ANFQF7QZGCBC2QZE84PN', 'lz5nvnuwiqjradm', 'in_process', '2022-01-20 02:58:07', '2022-01-20 02:58:07'),
(256, 84, 'NVFFYUNRZ6TW2HF1ODXS', 'tbrxsqucfjzvlem', 'in_process', '2022-01-20 02:58:07', '2022-01-20 02:58:07'),
(257, 219, 'FDEKMO1GKESVUYZSTVW0', 'hakzqcdr0e52iux', 'in_process', '2022-01-20 02:58:07', '2022-01-20 02:58:07'),
(258, 228, 'MVSGAAREVFMZQO35GFFB', 'l2imewzcmrfbacx', 'in_process', '2022-01-20 02:58:07', '2022-01-20 02:58:07'),
(259, 164, 'O9A3EWNCCZ5JCNQNYDO7', '5gjg397mbnoq8aa', 'in_process', '2022-01-20 02:58:07', '2022-01-20 02:58:07'),
(260, 194, 'REBBS7HNB9OLISZAVTBS', '3lelcsotpahjopx', 'in_process', '2022-01-20 02:58:07', '2022-01-20 02:58:07'),
(261, 10, '5AGWQ5ARXRIDSNHZX4KM', '91ak6qfkok4mfjj', 'in_process', '2022-01-20 02:58:07', '2022-01-20 02:58:07'),
(262, 147, 'QTIANJKZ7LH7L9GEV6WJ', '4oa4e4vpusplhdq', 'in_process', '2022-01-20 02:58:07', '2022-01-20 02:58:07'),
(263, 3, 'YSU6SFGJ7FDZXHNN9TQS', 'y8xqz1mzfa8s02s', 'in_process', '2022-01-20 02:58:07', '2022-01-20 02:58:07'),
(264, 194, '78JLUH8VGDW0M6OIHQMV', 'agyqapyooqczc8y', 'in_process', '2022-01-20 02:58:07', '2022-01-20 02:58:07'),
(265, 136, 'ZB4B7KSSAVREEYFRS6WS', 'ayep9avqa72wyu0', 'in_process', '2022-01-20 02:58:07', '2022-01-20 02:58:07'),
(266, 160, 'BAI4E8V2UY9C3HQTEX9Y', 'f6grlrxu70aycpu', 'in_process', '2022-01-20 02:58:07', '2022-01-20 02:58:07'),
(267, 34, '0LMLM9IDSFZQ9ISMK3SU', 'ywuruayutkl8sqa', 'in_process', '2022-01-20 02:58:07', '2022-01-20 02:58:07'),
(268, 242, 'RHV37BKAMF26NHLZNK1X', '8djrbkalsuatf7z', 'in_process', '2022-01-20 02:58:07', '2022-01-20 02:58:07'),
(269, 129, 'WJZVINVMJZDELJHICP02', 'opfnwj90b6lnpiq', 'in_process', '2022-01-20 02:58:07', '2022-01-20 02:58:07'),
(270, 100, 'G2YKRPWAAHMXCIU5HDID', 'w6sawvtilu1wzd0', 'in_process', '2022-01-20 02:58:07', '2022-01-20 02:58:07'),
(271, 32, 'LXPI6LMF5XV7ZX4TIPIN', 'dzuwocatwty3dwu', 'in_process', '2022-01-20 02:58:07', '2022-01-20 02:58:07'),
(272, 95, 'DYZPJVRTTOWSS0FBMC96', 'vqevluppmur7qas', 'in_process', '2022-01-20 02:58:07', '2022-01-20 02:58:07'),
(273, 89, '3BSTN1KTKIJHY7O7NT5X', 'jkqfi7jdbtt1i1p', 'in_process', '2022-01-20 02:58:07', '2022-01-20 02:58:07'),
(274, 178, 'OJK5WHBWZ94S7U75ZZTC', 'xryy02byrbgi3mj', 'in_process', '2022-01-20 02:58:07', '2022-01-20 02:58:07'),
(275, 114, 'RSAQIHICEAQY6YLUJW8F', 'snounjakymkbnxw', 'in_process', '2022-01-20 02:58:07', '2022-01-20 02:58:07'),
(276, 140, 'PWFFIGVDGSNMIJS4TRPL', 'sidyo4mtcgt4l30', 'in_process', '2022-01-20 02:58:07', '2022-01-20 02:58:07'),
(277, 32, '4J5REDM9WSMKO5ZPNNFP', 'ykq8xbojhlkoi2t', 'in_process', '2022-01-20 02:58:07', '2022-01-20 02:58:07'),
(278, 173, 'PXNGKLTEZ4UGHAUQ3P4N', '10k9zdmsvva7vap', 'in_process', '2022-01-20 02:58:07', '2022-01-20 02:58:07'),
(279, 199, 'BLWQBH3WZKXJKBHL28CM', 'advrmfyxpx9x8rc', 'in_process', '2022-01-20 02:58:07', '2022-01-20 02:58:07'),
(280, 161, 'GWNQHQHIPUQASEQVFIQ9', 'ztvzoqtatlnjahe', 'in_process', '2022-01-20 02:58:07', '2022-01-20 02:58:07'),
(281, 177, '8GHTLFCUHXJFNCFYY7IY', 'tglutth50hrlkmy', 'in_process', '2022-01-20 02:58:07', '2022-01-20 02:58:07'),
(282, 55, 'Z05CVIPU48E57S8OFELJ', '3ctcqdjw2taxxmf', 'in_process', '2022-01-20 02:58:07', '2022-01-20 02:58:07'),
(283, 207, 'HSKLZAKSXSBL3TKRZ52G', 'zle4hbullkiqmkn', 'in_process', '2022-01-20 02:58:07', '2022-01-20 02:58:07'),
(284, 248, '7D9ALSFB94SFXRTHVXFV', 'okizzcrvj4ymvx9', 'in_process', '2022-01-20 02:58:07', '2022-01-20 02:58:07'),
(285, 85, 'CC04LOOI7WS5QZZYEI05', 'tdjkpzscn4eofy9', 'in_process', '2022-01-20 02:58:07', '2022-01-20 02:58:07'),
(286, 199, '3MLLWP7DJ28I8WR0KSYX', 'dopahufjlxp8xwb', 'in_process', '2022-01-20 02:58:07', '2022-01-20 02:58:07'),
(287, 206, '5W2HX2C4VPDQSIY39GZJ', '9vruowdkj3mg3ew', 'in_process', '2022-01-20 02:58:07', '2022-01-20 02:58:07'),
(288, 59, '3FRFXHEHWVQU0YSTY813', 'bnt5viaxncnfvc0', 'in_process', '2022-01-20 02:58:07', '2022-01-20 02:58:07'),
(289, 53, 'ECO5YZFVV0WOSN2LXJSZ', 'wpy1v2lact9rlvs', 'in_process', '2022-01-20 02:58:07', '2022-01-20 02:58:07'),
(290, 8, 'OA3PTQ3JXEP8T2NJK9N2', 'hmbnioftr5ywy9w', 'in_process', '2022-01-20 02:58:07', '2022-01-20 02:58:07'),
(291, 192, 'OOMZ32SXPV8O7JIQXBXR', 'yezeqsrpck1dfng', 'in_process', '2022-01-20 02:58:07', '2022-01-20 02:58:07'),
(292, 176, 'QZAUE4XDYCWX5NNIXXS1', 'cqdpeoyhfmekwfv', 'in_process', '2022-01-20 02:58:07', '2022-01-20 02:58:07'),
(293, 215, 'ZJO9Z3O3S4NPJRLEMVBN', 'nyc4u39xjudmrt6', 'in_process', '2022-01-20 02:58:07', '2022-01-20 02:58:07'),
(294, 221, 'IKTEYYPEULPJWYABSXNR', 'lb8stjs1dsp94lm', 'in_process', '2022-01-20 02:58:07', '2022-01-20 02:58:07'),
(295, 153, 'HCAY5MIVWEL8BY1EFJTK', 'lr7tu2hqnrn0ezn', 'in_process', '2022-01-20 02:58:07', '2022-01-20 02:58:07'),
(296, 41, '9IELCWMB7WLRELCMZZ7N', 'fw43buakq7ewrz5', 'in_process', '2022-01-20 02:58:07', '2022-01-20 02:58:07'),
(297, 165, 'NEJAFIFS7G8IVO74A2R7', 'xqbnmagpolghgcv', 'in_process', '2022-01-20 02:58:07', '2022-01-20 02:58:07'),
(298, 236, '8DTHQKZUKKB1PAN46VHV', 'wffxxy4mj3wcunh', 'in_process', '2022-01-20 02:58:07', '2022-01-20 02:58:07'),
(299, 126, 'U28MZEEM65Z3JBAX3NJV', '97qemgqgynoegqw', 'in_process', '2022-01-20 02:58:07', '2022-01-20 02:58:07'),
(300, 157, 'AODC2HQMWBVSSDLCF63M', '9hxwy9a7swltocl', 'in_process', '2022-01-20 02:58:07', '2022-01-20 02:58:07'),
(301, 182, 'QPASVE2CT7XXK0EU8LFJ', 'ktxqj41ooxbjm8l', 'in_process', '2022-01-20 02:58:07', '2022-01-20 02:58:07'),
(302, 11, 'WHPWNLIGMWN3ZCJV7SMH', 'mn6ephccfcmyhhj', 'in_process', '2022-01-20 02:58:07', '2022-01-20 02:58:07'),
(303, 250, 'IR7QNSPB4F0BWCGLGJVC', 'bwgjobexgaikqnc', 'in_process', '2022-01-20 02:58:07', '2022-01-20 02:58:07'),
(304, 124, 'EKWSKWP1SRBLS0EB82FW', 'nkaojblehnydb06', 'in_process', '2022-01-20 02:58:07', '2022-01-20 02:58:07'),
(305, 49, 'JJDM3TQW5ARCDPQM9M7X', 'lla37ii0csn7uxb', 'in_process', '2022-01-20 02:58:07', '2022-01-20 02:58:07'),
(306, 208, 'K2X2RQQXZVK2MNY56VMW', '4hjf77xu4giynu7', 'in_process', '2022-01-20 02:58:07', '2022-01-20 02:58:07'),
(307, 62, 'I5T4UXNAJRBVUQNCGCAT', 'mdphdcodhskw4ra', 'in_process', '2022-01-20 02:58:07', '2022-01-20 02:58:07'),
(308, 201, 'PXQWBDHJDXXHFHQFFEJL', 'ch7myot5t6z53bg', 'in_process', '2022-01-20 02:58:07', '2022-01-20 02:58:07'),
(309, 124, 'HQCRXL0FUHWJTZB11SJM', 'jdubcgjzqmiaaja', 'in_process', '2022-01-20 02:58:07', '2022-01-20 02:58:07'),
(310, 245, 'UJOYSN07HLHTXKNFAT0G', 'vsyxphxtf467w0i', 'in_process', '2022-01-20 02:58:07', '2022-01-20 02:58:07'),
(311, 16, 'B9MCGXKISKD3RQD2T5DP', 'kz0agtwn09tytxt', 'in_process', '2022-01-20 02:58:07', '2022-01-20 02:58:07'),
(312, 22, 'NBTZF9E9DJCBLZVXFL7M', 'lagmaanhleeqtwx', 'in_process', '2022-01-20 02:58:07', '2022-01-20 02:58:07'),
(313, 11, '6JDJ6U638RSZWK2GYHNT', 'veodmhouyfbtjop', 'in_process', '2022-01-20 02:58:07', '2022-01-20 02:58:07'),
(314, 22, 'PEBGO7LA6YVTHJBJA3RQ', 'b4gmmnjj0cxhnje', 'in_process', '2022-01-20 02:58:07', '2022-01-20 02:58:07'),
(315, 124, 'S5PWWWXEJT561LGCSKY0', 'wbzoebm4evytpev', 'in_process', '2022-01-20 02:58:07', '2022-01-20 02:58:07'),
(316, 15, 'QJY3VIUR1RLCQGCXHVMU', 'w1onhb02dl2z4mu', 'in_process', '2022-01-20 02:58:07', '2022-01-20 02:58:07'),
(317, 208, 'V9B7UCHGESESE9DNCXXI', 'ahzp110u034zapp', 'in_process', '2022-01-20 02:58:07', '2022-01-20 02:58:07'),
(318, 78, 'EKHMAPOGFRFHOTAW5PIL', 'opwnczn1tij1iex', 'in_process', '2022-01-20 02:58:07', '2022-01-20 02:58:07'),
(319, 133, 'ARIWDOTQELEYGDK19BGA', 'aeaqqqukb09txl6', 'in_process', '2022-01-20 02:58:07', '2022-01-20 02:58:07'),
(320, 125, '6KRLCYSU8LAU5CUGHUVH', 'kk2pwy7z19is084', 'in_process', '2022-01-20 02:58:07', '2022-01-20 02:58:07'),
(321, 197, 'PJ0DNGRYYTJFCV3UKX3T', 'zv7synwvjhkxhth', 'in_process', '2022-01-20 02:58:07', '2022-01-20 02:58:07'),
(322, 55, 'L0TJBZ2BRFYS3DNF6NNM', 'kcoh1ux2hhrgze8', 'in_process', '2022-01-20 02:58:07', '2022-01-20 02:58:07'),
(323, 107, 'LILJ5XZ4UN45O6VAZNOQ', 'fcxy5rtqkyg6u1l', 'in_process', '2022-01-20 02:58:07', '2022-01-20 02:58:07'),
(324, 237, 'JOT4ZP1PUL8VFNRJSS3C', 'e0suxlxis6wssdq', 'in_process', '2022-01-20 02:58:07', '2022-01-20 02:58:07'),
(325, 232, 'ORK8CKUSV7HZWNV7YQRW', 'j8wif1wdvlidk8t', 'in_process', '2022-01-20 02:58:07', '2022-01-20 02:58:07'),
(326, 160, 'ZHEW9GWVUDSDM72WPO7S', 'crhpjahpasjqfca', 'in_process', '2022-01-20 02:58:07', '2022-01-20 02:58:07'),
(327, 38, 'QRKCXXSCDFADBBXJGUP7', '3jowssk75q2ndq5', 'in_process', '2022-01-20 02:58:07', '2022-01-20 02:58:07'),
(328, 61, '4LTVUGGP3HGETC9SHZEU', '4ecmjhh885pmywf', 'in_process', '2022-01-20 02:58:07', '2022-01-20 02:58:07'),
(329, 225, 'YVBIV5GJHAWTBX4MIKWH', 'mr6yaa0b7dcgh9l', 'in_process', '2022-01-20 02:58:07', '2022-01-20 02:58:07'),
(330, 128, 'SDWKJTPFLOIBHIKNOZKQ', '5qro7q9jlr57j8g', 'in_process', '2022-01-20 02:58:07', '2022-01-20 02:58:07'),
(331, 239, 'GZQJVDAWLP5E3QVJVUFC', 'pwzsxpy80fjj6g8', 'in_process', '2022-01-20 02:58:07', '2022-01-20 02:58:07'),
(332, 185, 'UQJDVC1CMS0AGIKXNJNG', 'zseglrroiaamaqj', 'in_process', '2022-01-20 02:58:07', '2022-01-20 02:58:07'),
(333, 215, 'SQFJ10IP7Q3BIQTFF17Z', '8jxevpelt0yuleq', 'in_process', '2022-01-20 02:58:07', '2022-01-20 02:58:07'),
(334, 1, 'YUTDVYMCR4AHKNJINUNQ', 'pkshot2iceehns2', 'in_process', '2022-01-20 02:58:07', '2022-01-20 02:58:07'),
(335, 221, 'IBLBD8XCDM2V47T56XTB', 'vyhlbhygosryong', 'in_process', '2022-01-20 02:58:07', '2022-01-20 02:58:07'),
(336, 182, 'N6ZMWXREJBNC0EVSTU5T', 'z10nw09t1okcftq', 'in_process', '2022-01-20 02:58:07', '2022-01-20 02:58:07'),
(337, 81, 'B8Z7RZOP9T3QATHKM98B', '7nadquiztsenrxk', 'in_process', '2022-01-20 02:58:07', '2022-01-20 02:58:07'),
(338, 2, 'GEW5HXGSZEKLGQA5WYKH', 'ber3ei40mygqbhk', 'in_process', '2022-01-20 02:58:07', '2022-01-20 02:58:07'),
(339, 15, 'CDQPHHMFEKLN0J8ODVK7', 'oxdo5x8omwqsu72', 'in_process', '2022-01-20 02:58:07', '2022-01-20 02:58:07'),
(340, 168, 'RJRALT3IYO8RIKUNNUHI', 'd6oq3fubmiqky03', 'in_process', '2022-01-20 02:58:07', '2022-01-20 02:58:07'),
(341, 27, 'COTRQONN8HJHF89WIGNZ', 'lkqru2tt36szlle', 'in_process', '2022-01-20 02:58:07', '2022-01-20 02:58:07'),
(342, 242, '2UNJVH5M9RYKJYSFA03W', 'yl4yoms6whyobov', 'in_process', '2022-01-20 02:58:07', '2022-01-20 02:58:07'),
(343, 226, '1XN72QOAKID30ZQDVINY', 'rhbieol9uz1gthh', 'in_process', '2022-01-20 02:58:07', '2022-01-20 02:58:07'),
(344, 52, 'KMXY4N44EMHY26CDQLKG', 'd0xrxul2spdhnou', 'in_process', '2022-01-20 02:58:07', '2022-01-20 02:58:07'),
(345, 37, 'Z5ZR6FQPGY8KWVYF48DD', 'srlgqnynz7cdz6u', 'in_process', '2022-01-20 02:58:07', '2022-01-20 02:58:07'),
(346, 101, 'FWHGUHSASJNYC4SYI9CR', 'o2vsadaltzoybyk', 'in_process', '2022-01-20 02:58:07', '2022-01-20 02:58:07'),
(347, 87, 'FRNAVRLBIVF5XE3A3KVE', 'esh3l3kihdyotgp', 'in_process', '2022-01-20 02:58:07', '2022-01-20 02:58:07'),
(348, 21, 'KR9VHU0QODOEFIAUDFTW', 'jaenrdwjwlrgrzc', 'in_process', '2022-01-20 02:58:07', '2022-01-20 02:58:07'),
(349, 228, '7COIQU6AHXOZXCSLNJF0', 'hrrzhcsdcah7eud', 'in_process', '2022-01-20 02:58:07', '2022-01-20 02:58:07'),
(350, 208, 'N4KAYQRN7UTCUYAVWTXX', 'vkknrft8gvfku9f', 'in_process', '2022-01-20 02:58:07', '2022-01-20 02:58:07'),
(351, 73, 'TDIHSAULDKOHQ96F3EGN', 'l0wpiywqqob1rmh', 'in_process', '2022-01-20 02:58:07', '2022-01-20 02:58:07'),
(352, 8, 'NAAFBKZGUQYI2ZTW5PST', '1z06ezwfrmo1u0z', 'in_process', '2022-01-20 02:58:07', '2022-01-20 02:58:07'),
(353, 225, 'AJ7CXL4OVGWGPZ8UAG2W', 'rrzuvir7lgxpza5', 'in_process', '2022-01-20 02:58:07', '2022-01-20 02:58:07'),
(354, 135, 'QLOXUU9UXCZPN1L1YREH', 'iyhyiaw4czx0qig', 'in_process', '2022-01-20 02:58:07', '2022-01-20 02:58:07'),
(355, 124, 'NDLWPB5BHNLXE6RAQZA6', 'kodiv4tpweamsue', 'in_process', '2022-01-20 02:58:07', '2022-01-20 02:58:07'),
(356, 194, 'MOFSOKTJKXMQSOUDGIFZ', 'my8msyqbpxyfenz', 'in_process', '2022-01-20 02:58:07', '2022-01-20 02:58:07'),
(357, 95, 'W7BUQRKJVLFYI3L7RB1K', '58heceqerg6lr9o', 'in_process', '2022-01-20 02:58:07', '2022-01-20 02:58:07'),
(358, 62, 'UBH7O43RB0WYWO76MJVF', '2ltqaschn3u3cmq', 'in_process', '2022-01-20 02:58:07', '2022-01-20 02:58:07'),
(359, 79, '1DP2D6FFYDZ2BOZGJI4R', 'uw8btal3gw1890d', 'in_process', '2022-01-20 02:58:07', '2022-01-20 02:58:07'),
(360, 125, '3CNOBHIFK0F8XAHGHTHK', 'fibuytekhsm56rz', 'in_process', '2022-01-20 02:58:07', '2022-01-20 02:58:07'),
(361, 216, 'CFOXIWGXNT6U6OXSVDV3', 'phzdflzu14k4hfd', 'in_process', '2022-01-20 02:58:07', '2022-01-20 02:58:07'),
(362, 157, 'XCMCE8QFSAN0PGB5GTKX', 'npwwetr9uzprfuf', 'in_process', '2022-01-20 02:58:07', '2022-01-20 02:58:07'),
(363, 120, 'BNJTD2IATY8HHMPPBZA5', 'vgjkiymwomu3i6t', 'in_process', '2022-01-20 02:58:07', '2022-01-20 02:58:07'),
(364, 2, 'VYBX59CAYMTBGNWFU6OT', 'v47j6wvzwe9tsrz', 'in_process', '2022-01-20 02:58:07', '2022-01-20 02:58:07'),
(365, 87, 'L29VGZYR5RA2MIELMYQL', 'daqvshlrjmfa9l9', 'in_process', '2022-01-20 02:58:07', '2022-01-20 02:58:07'),
(366, 228, 'THEVBQXN50XMU5ZNQWVI', 'mrblgpjcnjznx8q', 'in_process', '2022-01-20 02:58:07', '2022-01-20 02:58:07'),
(367, 13, 'TXWQQHCWHJKKAWZX16W6', '9ym4tbwqqrwszfg', 'in_process', '2022-01-20 02:58:07', '2022-01-20 02:58:07'),
(368, 52, 'JAAZM4RRR55GUDEMM7X3', 'pqcg0hhtltllesn', 'in_process', '2022-01-20 02:58:07', '2022-01-20 02:58:07'),
(369, 241, 'MAUSFSAYDIJFYMFBVIDN', 'wqdkjk2ppdut6kq', 'in_process', '2022-01-20 02:58:07', '2022-01-20 02:58:07'),
(370, 109, 'FBPP4ZII0H0OMJNQ0DW2', 'hsbskxlxaoyl6k6', 'in_process', '2022-01-20 02:58:07', '2022-01-20 02:58:07'),
(371, 94, 'I1NHHDOURTULOB1AWEYX', '4wjdt1l2ig1shtm', 'in_process', '2022-01-20 02:58:07', '2022-01-20 02:58:07'),
(372, 64, 'LZKK4NDBZOPWPPKPJEAV', 'h77ohswxzwgbgns', 'in_process', '2022-01-20 02:58:07', '2022-01-20 02:58:07'),
(373, 182, 'I6PISHDNMMLRTGSDEQMY', '4u7diesbjiy6ywf', 'in_process', '2022-01-20 02:58:07', '2022-01-20 02:58:07'),
(374, 245, 'IXHI07A14ID3YLI6JU1Z', 'xnli9rcewapcysq', 'in_process', '2022-01-20 02:58:07', '2022-01-20 02:58:07'),
(375, 132, 'KSCSRCOEV1LLFWPVDTOE', 'sxa3agczbrxsu2l', 'in_process', '2022-01-20 02:58:07', '2022-01-20 02:58:07'),
(376, 67, 'XPV8YLXUZFJ1CYDZMXJR', '2f5twzsct53qvrq', 'in_process', '2022-01-20 02:58:07', '2022-01-20 02:58:07'),
(377, 246, 'NLOGTPBQQ3VB7QLP2JZM', 'zn4vlt9dfjxayv2', 'in_process', '2022-01-20 02:58:07', '2022-01-20 02:58:07'),
(378, 36, '1T0JADAJ4ZXPHVJ6GCRY', 'wjbybimzehkgpjb', 'in_process', '2022-01-20 02:58:07', '2022-01-20 02:58:07'),
(379, 228, 'JDTD8RKSE1GMBIJUZ4RB', '9jhdq1ul7cfgrml', 'in_process', '2022-01-20 02:58:07', '2022-01-20 02:58:07'),
(380, 202, 'NS8TJ4FSMJVXZJZMQQY9', 'evletkjlcygfdku', 'in_process', '2022-01-20 02:58:07', '2022-01-20 02:58:07'),
(381, 37, 'O27MBP6N9APT1XVEBGJB', 'cx9wmavkwzjviep', 'in_process', '2022-01-20 02:58:07', '2022-01-20 02:58:07'),
(382, 124, 'XSCIN3ATRT9HUATT7RQJ', '7iarnrzivezlcia', 'in_process', '2022-01-20 02:58:07', '2022-01-20 02:58:07'),
(383, 83, 'KCYWUP91VUPDJPXFQLMF', 'uly37bl6zwdyudg', 'in_process', '2022-01-20 02:58:07', '2022-01-20 02:58:07'),
(384, 192, 'APJEOV4QX0REIIBR5J7L', 'cgek2dmgtiqyyb0', 'in_process', '2022-01-20 02:58:07', '2022-01-20 02:58:07'),
(385, 220, '6FSAILSRFRMKRBRHG9XC', 'e7l7nvcf0re3r0q', 'in_process', '2022-01-20 02:58:07', '2022-01-20 02:58:07'),
(386, 123, 'FAV5NNY412LFRTU2ITJ2', 'wb6cjxubpeue1fw', 'in_process', '2022-01-20 02:58:07', '2022-01-20 02:58:07'),
(387, 54, 'AVYHWRBPN9HSF0BLJJEG', 'ixyo21ktzfpvjjc', 'in_process', '2022-01-20 02:58:07', '2022-01-20 02:58:07'),
(388, 24, 'OTJY1O6GIFS9NAMDKGPV', '7d9fg5qs11e0ya0', 'in_process', '2022-01-20 02:58:07', '2022-01-20 02:58:07'),
(389, 155, 'RFZSVHXSDQU858JUDAAT', 'izsoa7gylhqwdth', 'in_process', '2022-01-20 02:58:07', '2022-01-20 02:58:07'),
(390, 89, '2JMEAELH1P5BUI5PZQKX', 's9wszpx79nsff0u', 'in_process', '2022-01-20 02:58:07', '2022-01-20 02:58:07'),
(391, 96, 'XNRKSPRHMCTUCYOYMLJB', 'lbmd5zqaurjvb9g', 'in_process', '2022-01-20 02:58:07', '2022-01-20 02:58:07'),
(392, 169, 'LYNNSWB7GFVOXK2GATTP', 'gp1felrsyp7pyk7', 'in_process', '2022-01-20 02:58:07', '2022-01-20 02:58:07'),
(393, 62, 'DKUZDM2ECFTRSQBBQGTL', '1sv3fnoc1ovjlha', 'in_process', '2022-01-20 02:58:07', '2022-01-20 02:58:07'),
(394, 127, 'L0IZ1OHSQQCEX4PM964G', 'prp9mcj50rskfww', 'in_process', '2022-01-20 02:58:07', '2022-01-20 02:58:07'),
(395, 48, '6YIIRL9APCZALBWUM1NJ', 'a24yymzsuibkvu7', 'in_process', '2022-01-20 02:58:07', '2022-01-20 02:58:07'),
(396, 47, 'SQLILSABK00PL1HWRKZU', '89hrgrxdfs4qjzn', 'in_process', '2022-01-20 02:58:07', '2022-01-20 02:58:07'),
(397, 25, 'TKCTVXZ1FLNBU3T5ZVAW', '5jcha39aw61hbdg', 'in_process', '2022-01-20 02:58:07', '2022-01-20 02:58:07'),
(398, 100, 'II98HRDPS7GEIBGEZERX', 'kqjezjiioy9u1ld', 'in_process', '2022-01-20 02:58:07', '2022-01-20 02:58:07'),
(399, 145, '97TLWBU0DZWZWZ240TEL', 'cc9besheuvief3f', 'in_process', '2022-01-20 02:58:07', '2022-01-20 02:58:07'),
(400, 205, 'AQGPDEFBCZOA2FPZ9BU8', 'ozrhxhkcyynai6g', 'in_process', '2022-01-20 02:58:07', '2022-01-20 02:58:07'),
(401, 234, 'TC7HCDI8M1SAMCRTNJLR', 'l40awcd6bxxvcwn', 'in_process', '2022-01-20 02:58:07', '2022-01-20 02:58:07'),
(402, 35, 'FP7JPUAPNVR9AQA0JBZB', 'izidkwelvpauagq', 'in_process', '2022-01-20 02:58:07', '2022-01-20 02:58:07'),
(403, 61, 'DIYNQ4RCANU1GFLOFMEQ', 'xrl364hbesjdd4z', 'in_process', '2022-01-20 02:58:07', '2022-01-20 02:58:07'),
(404, 202, 'Z39VV2LNSREGVSUT939O', '2hua8woz1jauzig', 'in_process', '2022-01-20 02:58:07', '2022-01-20 02:58:07'),
(405, 197, 'CV1KIAOWXSG4Q1NTNZFR', 'dunlphjhugd16km', 'in_process', '2022-01-20 02:58:07', '2022-01-20 02:58:07'),
(406, 143, 'Q6JT6ACRDD8UWB3GNOHR', 'nurr1ecllkppmyl', 'in_process', '2022-01-20 02:58:07', '2022-01-20 02:58:07'),
(407, 82, 'QL9XCJQBFPUXWWOXN9LI', 'bzuh8srr0wipup6', 'in_process', '2022-01-20 02:58:07', '2022-01-20 02:58:07'),
(408, 228, 'QF8FQY1XDGYAANEJHVQ7', '63xbpq5adslpa58', 'in_process', '2022-01-20 02:58:07', '2022-01-20 02:58:07'),
(409, 82, 'CB2DFCTHOZMLO0TR0JID', 'lyfop99je9igs9z', 'in_process', '2022-01-20 02:58:07', '2022-01-20 02:58:07'),
(410, 240, 'CEMDVZABG6IQAPORJVVA', 'rteb5hlgbfcjfkb', 'in_process', '2022-01-20 02:58:07', '2022-01-20 02:58:07'),
(411, 80, 'IOMVQOK9NQSWS62LMLCR', '5kz8yoacgpn2gca', 'in_process', '2022-01-20 02:58:07', '2022-01-20 02:58:07'),
(412, 207, 'X8BKLIXICWAA945G38SF', 'pwewm3gct3nrc25', 'in_process', '2022-01-20 02:58:07', '2022-01-20 02:58:07'),
(413, 234, 'TSA9YFVIDTULGXQBHA5S', 'limfxl9hqhyxlct', 'in_process', '2022-01-20 02:58:07', '2022-01-20 02:58:07'),
(414, 239, 'NS1MLIZ0VZCUPZMUVHXP', 't4md5mitdsow9oj', 'in_process', '2022-01-20 02:58:07', '2022-01-20 02:58:07'),
(415, 216, '4ZC2AGSOB4OHU95EYHKL', 'yafnfneaf6bakyc', 'in_process', '2022-01-20 02:58:07', '2022-01-20 02:58:07'),
(416, 249, 'CVAMQ3VE5PDUFXYJKDX9', 'aa7l5sudgleh9yu', 'in_process', '2022-01-20 02:58:07', '2022-01-20 02:58:07'),
(417, 205, 'RMXSSLUA6DYM1CRIUPP4', 'wlifj1lb6kszwr2', 'in_process', '2022-01-20 02:58:07', '2022-01-20 02:58:07'),
(418, 216, 'RVTXA518OSAEWELB2S0M', 'rggprayr4sfjma7', 'in_process', '2022-01-20 02:58:07', '2022-01-20 02:58:07'),
(419, 72, 'SBCSYBKEPOSQPE1QLIJZ', 'nyyutaglu05hxr6', 'in_process', '2022-01-20 02:58:07', '2022-01-20 02:58:07'),
(420, 69, 'OI268DVYVCNA5VL3K73C', 'maiawoyaod7odf6', 'in_process', '2022-01-20 02:58:07', '2022-01-20 02:58:07'),
(421, 173, 'I0FAPO9HGZAJLZSXKSSG', 'o3watyzmyptiz4b', 'in_process', '2022-01-20 02:58:07', '2022-01-20 02:58:07'),
(422, 92, '7RJCITA57EQTBDZORNFS', 'drardabcctg7k3l', 'in_process', '2022-01-20 02:58:07', '2022-01-20 02:58:07'),
(423, 111, 'OSAMCKCFWKYVEIGD9PPP', 'xserlwvgsnwh7j0', 'in_process', '2022-01-20 02:58:07', '2022-01-20 02:58:07'),
(424, 64, 'TUCMGCHMXBTAUGJOM0IM', 'urdvauodctvsyoy', 'in_process', '2022-01-20 02:58:07', '2022-01-20 02:58:07'),
(425, 67, 'DI7U4T6Q193RSZHCSAFU', 'kcd8ke9bwuble8q', 'in_process', '2022-01-20 02:58:07', '2022-01-20 02:58:07'),
(426, 86, 'V5NCBTKANGQHPVCYUWHI', 'pgeuycgseh2pglz', 'in_process', '2022-01-20 02:58:07', '2022-01-20 02:58:07'),
(427, 153, 'RSCAJOVTHFZZ7EE9RZIT', 'asl8eedq4eteef5', 'in_process', '2022-01-20 02:58:07', '2022-01-20 02:58:07'),
(428, 44, 'G6J2UNIEUQA2DY3HJ4UP', 't0tryhs2bpchxcc', 'in_process', '2022-01-20 02:58:07', '2022-01-20 02:58:07'),
(429, 218, 'VY7FTDUJT5AURUTX89RL', 'vn9y2tdos8hgezj', 'in_process', '2022-01-20 02:58:07', '2022-01-20 02:58:07'),
(430, 124, 'NDE0F6DN0JTAJEBPXGBF', '7serhna9feblhzo', 'in_process', '2022-01-20 02:58:07', '2022-01-20 02:58:07'),
(431, 234, 'R8N9GG3HTVGRQYWDVOCB', 'fywrlwcb1ljckue', 'in_process', '2022-01-20 02:58:07', '2022-01-20 02:58:07'),
(432, 107, 'DDSBLCJGWFBRQGSWLOMO', 'vjnhkgxijpqjghh', 'in_process', '2022-01-20 02:58:07', '2022-01-20 02:58:07'),
(433, 246, '1BEOUJ4KWM3ONK7159VI', 'qhz2apvhyhpe8dj', 'in_process', '2022-01-20 02:58:07', '2022-01-20 02:58:07'),
(434, 103, 'N20U6COAJKKFNECASCD3', '6mkphhvy1sowzj7', 'in_process', '2022-01-20 02:58:07', '2022-01-20 02:58:07'),
(435, 173, 'DGHQ8PGPA4T3G0DDH5J7', 'u7nes6k7ds1ssml', 'in_process', '2022-01-20 02:58:07', '2022-01-20 02:58:07'),
(436, 115, '6H8FD09HAKTY2K8PT7YO', '8torteaqmbyhzk8', 'in_process', '2022-01-20 02:58:07', '2022-01-20 02:58:07'),
(437, 74, 'JNZEBWFDAT7ZBRDB36WT', '5vq7x6e2wtt8kil', 'in_process', '2022-01-20 02:58:07', '2022-01-20 02:58:07'),
(438, 88, 'UJFGAPQLKNUKVRVELXZJ', '7ukiuwcijdugwmi', 'in_process', '2022-01-20 02:58:07', '2022-01-20 02:58:07'),
(439, 127, 'SLT3M9QLZKBX3ENSPBNB', 'pb39j1bxgueet9r', 'in_process', '2022-01-20 02:58:07', '2022-01-20 02:58:07'),
(440, 46, 'U9DHUMNPRZLJNZO8GKKH', 'qdo6b2q7ayrdeus', 'in_process', '2022-01-20 02:58:07', '2022-01-20 02:58:07'),
(441, 212, 'QVHARHLTRKO1QOSTQZBK', 'zqiafcawtsfwbsg', 'in_process', '2022-01-20 02:58:07', '2022-01-20 02:58:07'),
(442, 171, '0JKCEDEKO8UFTY3SRGJ6', 'r9kqqfty85tbm9t', 'in_process', '2022-01-20 02:58:07', '2022-01-20 02:58:07'),
(443, 229, 'FI80UQ3UUVN04B80IJMU', 'swh6ijgalz0sc86', 'in_process', '2022-01-20 02:58:07', '2022-01-20 02:58:07'),
(444, 121, '6KRWZN6P4FJ2ZZPBRKH3', 'o9pwspmv72vwyef', 'in_process', '2022-01-20 02:58:07', '2022-01-20 02:58:07');
INSERT INTO `products` (`id`, `point_id`, `name`, `code`, `status`, `created_at`, `updated_at`) VALUES
(445, 226, 'PF2HKQULSKIM8CPWMXMY', 'y0y9bzk2ynv2rrr', 'in_process', '2022-01-20 02:58:07', '2022-01-20 02:58:07'),
(446, 18, 'FH12VMLJ6TQ2T6M7QKJJ', 'hlm4gkeovbtm12e', 'in_process', '2022-01-20 02:58:07', '2022-01-20 02:58:07'),
(447, 152, 'X4N4JRDXRK936FZNIAUE', 'lxcyzys6ybtjmqk', 'in_process', '2022-01-20 02:58:07', '2022-01-20 02:58:07'),
(448, 108, 'HPZJMZHCF2Z9TSMTVUCG', 'atptsxzhloht0ww', 'in_process', '2022-01-20 02:58:07', '2022-01-20 02:58:07'),
(449, 110, 'BSYL5RPVISBNADS6AWUB', 'kxume4al0kz3low', 'in_process', '2022-01-20 02:58:07', '2022-01-20 02:58:07'),
(450, 106, '9HFRA2HFLJKHJIFT4QJJ', 'pf9hasdeiptx58x', 'in_process', '2022-01-20 02:58:07', '2022-01-20 02:58:07'),
(451, 248, 'O6UBWSSWZU5KTQRSEB25', 'xn7lbiypnr337nr', 'in_process', '2022-01-20 02:58:07', '2022-01-20 02:58:07'),
(452, 178, 'CGC5O0SIYHSOHZ3GBO7B', 'kls7lpjc7gviqy0', 'in_process', '2022-01-20 02:58:07', '2022-01-20 02:58:07'),
(453, 89, '1FTMM97CEVFBQCCMORVY', 'gy9slvgmrxx0llk', 'in_process', '2022-01-20 02:58:07', '2022-01-20 02:58:07'),
(454, 62, 'I5UT7W5VFDKSMZAV46JV', '8xnxk3afcimjzf2', 'in_process', '2022-01-20 02:58:07', '2022-01-20 02:58:07'),
(455, 154, 'LOIP7OYCN2SWPYRIUXR6', 'bjp9azxqmjtngnw', 'in_process', '2022-01-20 02:58:07', '2022-01-20 02:58:07'),
(456, 200, 'PTF5I4MSLDYZZASL2KEO', 'dlw82ktymzx0ydp', 'in_process', '2022-01-20 02:58:07', '2022-01-20 02:58:07'),
(457, 207, 'GUFJI9GCRMGQOFO0PO26', 'v0pjcp7bd3m7cln', 'in_process', '2022-01-20 02:58:07', '2022-01-20 02:58:07'),
(458, 150, 'QTCDIOSTCKMLFDUERXTT', 'voxsngoxsrjeyfd', 'in_process', '2022-01-20 02:58:07', '2022-01-20 02:58:07'),
(459, 103, 'LNRGPIOBUK2QNWNPSTT5', '5htb5pxycsiwew3', 'in_process', '2022-01-20 02:58:07', '2022-01-20 02:58:07'),
(460, 23, 'I4FZ99TDV9FKRCEVMO64', 'g7mxua3ksotn6iy', 'in_process', '2022-01-20 02:58:07', '2022-01-20 02:58:07'),
(461, 23, 'EJDORMTTUR6RLBD3SPIH', '7gy1xsxynreyp64', 'in_process', '2022-01-20 02:58:07', '2022-01-20 02:58:07'),
(462, 54, 'IIFDLZ9PCKG7V9FITDBB', 'scgxueendizvgpl', 'in_process', '2022-01-20 02:58:07', '2022-01-20 02:58:07'),
(463, 77, 'HG7YDN8XLXRA27WERQIR', '7asdcnwintk1sna', 'in_process', '2022-01-20 02:58:07', '2022-01-20 02:58:07'),
(464, 190, 'NBL9ZRRN3SDJ1TIUL5A7', 'aodu6xmroj9zixr', 'in_process', '2022-01-20 02:58:07', '2022-01-20 02:58:07'),
(465, 3, 'R1BRNGHNRBSEVMGMKFTG', 'wqfmlpvpbv9zyip', 'in_process', '2022-01-20 02:58:07', '2022-01-20 02:58:07'),
(466, 143, 'UB689BYQQ37N17IAJGQP', 'ngtsyx9aubk1pit', 'in_process', '2022-01-20 02:58:07', '2022-01-20 02:58:07'),
(467, 20, 'SFCMNNMJXPTLBPXUFZDP', 'mhpgnvrvfjk0n8n', 'in_process', '2022-01-20 02:58:07', '2022-01-20 02:58:07'),
(468, 215, '3K62OIVSN991QLXNYPLK', '92rlyrji8koomwu', 'in_process', '2022-01-20 02:58:07', '2022-01-20 02:58:07'),
(469, 248, 'CNFC1H5R4IQFHSHR3I7Y', 'tuo4mrpbxouddtn', 'in_process', '2022-01-20 02:58:07', '2022-01-20 02:58:07'),
(470, 198, '7RN6PTW2SC0FXPFIGWG3', '1pnxh5lzplzzv50', 'in_process', '2022-01-20 02:58:07', '2022-01-20 02:58:07'),
(471, 196, 'DVJBGQ0UDPLXPQJ1ILWO', 'gjaxtqlnxwtn8hr', 'in_process', '2022-01-20 02:58:07', '2022-01-20 02:58:07'),
(472, 33, 'EKAFLF8WCXVYXYW7YE1U', 'f3tuvgzbuamnfad', 'in_process', '2022-01-20 02:58:07', '2022-01-20 02:58:07'),
(473, 52, 'BFBGR1U1PUXMYBTVK8H5', 'g9bpb4essw7qaqf', 'in_process', '2022-01-20 02:58:07', '2022-01-20 02:58:07'),
(474, 182, '2BRSWT3YHOYEAHWN2ZWB', 'ugbvebnvwbi1ghm', 'in_process', '2022-01-20 02:58:07', '2022-01-20 02:58:07'),
(475, 73, '91UKM0G28WUVMNQEWMNT', 'tdihjnpw7zfgc3t', 'in_process', '2022-01-20 02:58:07', '2022-01-20 02:58:07'),
(476, 6, 'CNYLGFIMRPUFFUJMOT2J', 'da7w8rgm6sva6cr', 'in_process', '2022-01-20 02:58:07', '2022-01-20 02:58:07'),
(477, 227, '0I4DTXBLF5ZRHPXTAIX4', 'rp4iluhaxk8cjh7', 'in_process', '2022-01-20 02:58:07', '2022-01-20 02:58:07'),
(478, 202, 'NNJGWQSG6XNTPCN3XSRQ', '1v4ksjaxcxle8ir', 'in_process', '2022-01-20 02:58:07', '2022-01-20 02:58:07'),
(479, 126, 'CLS5B6TTW6BJUVGEJLZU', 'djcgzxff7lrg2pm', 'in_process', '2022-01-20 02:58:07', '2022-01-20 02:58:07'),
(480, 124, 'EVLBZUI3XYV7RDTJ3XOA', 'dmoiordt3idwl0p', 'in_process', '2022-01-20 02:58:07', '2022-01-20 02:58:07'),
(481, 231, 'ACOWDV7WNPFMZU3AASGP', 'naed4b75phyumy6', 'in_process', '2022-01-20 02:58:07', '2022-01-20 02:58:07'),
(482, 106, 'XWDEXW5JDASPXN2YACNP', 'njxcv18m4gsvbh3', 'in_process', '2022-01-20 02:58:07', '2022-01-20 02:58:07'),
(483, 70, '3ZJZXJB462KVBHPLW6KK', '4vbnbpxyriyfcsv', 'in_process', '2022-01-20 02:58:07', '2022-01-20 02:58:07'),
(484, 232, 'USIW5IRTRYWUWLVLO0YT', 'wr39dtnaqoobh1v', 'in_process', '2022-01-20 02:58:07', '2022-01-20 02:58:07'),
(485, 97, '52ZWM7X5XXLMXKBWSQZ7', 'vwbemo4cyd64rbp', 'in_process', '2022-01-20 02:58:07', '2022-01-20 02:58:07'),
(486, 31, 'K5PHLGEQDOUQXIBY0PB5', 'ijah51vr4q1xbtx', 'in_process', '2022-01-20 02:58:07', '2022-01-20 02:58:07'),
(487, 188, 'JJQDIU3BHYA9SEM4SBOD', 'cz3yop9cv8gdhui', 'in_process', '2022-01-20 02:58:07', '2022-01-20 02:58:07'),
(488, 18, 'IZ0FJYTMXTRH7VRSZG4D', 'rnesuu4sxn7w69g', 'in_process', '2022-01-20 02:58:07', '2022-01-20 02:58:07'),
(489, 68, 'S1MVVTHZ4EOMXBDK0WZW', 'dyozkly2rykls7j', 'in_process', '2022-01-20 02:58:07', '2022-01-20 02:58:07'),
(490, 195, '7LPLFSD7J4JUXRZ8KBWT', 'q5mwy3aeadpl2ht', 'in_process', '2022-01-20 02:58:07', '2022-01-20 02:58:07'),
(491, 212, 'DSBUAXLKI2REP81IMEBS', 'ejst4puwxk8k4ww', 'in_process', '2022-01-20 02:58:07', '2022-01-20 02:58:07'),
(492, 223, '05S2C9JNZW9XCM73DWRY', 'jryu3coesv4hevm', 'in_process', '2022-01-20 02:58:07', '2022-01-20 02:58:07'),
(493, 158, 'O4DAFF2LUP70TONQJBKN', 'yo4ietguzbttvho', 'in_process', '2022-01-20 02:58:07', '2022-01-20 02:58:07'),
(494, 128, 'JSJQGFCDFHMGHUV13NVT', '8els3ye8qpbdrch', 'in_process', '2022-01-20 02:58:07', '2022-01-20 02:58:07'),
(495, 24, 'SG7D52NIRDHPBOJXDXPF', 'w1p3uidum05mrmu', 'in_process', '2022-01-20 02:58:07', '2022-01-20 02:58:07'),
(496, 185, 'OIG6ZQGZUHP4DRMPDK7V', 'depefssf6krfp8h', 'in_process', '2022-01-20 02:58:07', '2022-01-20 02:58:07'),
(497, 157, '0WY2UDIHHLUGXPLHGZSV', 'mrkqr6rofvnxaam', 'in_process', '2022-01-20 02:58:07', '2022-01-20 02:58:07'),
(498, 24, 'PT3NHM1WIGQPSXWMRYVB', 'as800as24ryh1e2', 'in_process', '2022-01-20 02:58:07', '2022-01-20 02:58:07'),
(499, 129, 'NC7TMCFIQFUA93APRRAE', 'itrlyii4ujg8wim', 'in_process', '2022-01-20 02:58:07', '2022-01-20 02:58:07'),
(500, 107, 'KMRJL8PMBVMRZH3FIKL4', 'pj42rflcj7zt8by', 'in_process', '2022-01-20 02:58:07', '2022-01-20 02:58:07');

-- --------------------------------------------------------

--
-- Структура таблицы `transports`
--

CREATE TABLE `transports` (
  `id` bigint(20) UNSIGNED NOT NULL,
  `car_id` bigint(20) UNSIGNED NOT NULL,
  `user_id` bigint(20) UNSIGNED NOT NULL,
  `car_date` datetime NOT NULL,
  `dimensions` varchar(255) COLLATE utf8mb4_unicode_ci DEFAULT NULL,
  `number` varchar(255) COLLATE utf8mb4_unicode_ci DEFAULT NULL,
  `registration` varchar(255) COLLATE utf8mb4_unicode_ci DEFAULT NULL,
  `image` varchar(255) COLLATE utf8mb4_unicode_ci DEFAULT NULL,
  `created_at` timestamp NULL DEFAULT NULL,
  `updated_at` timestamp NULL DEFAULT NULL
) ENGINE=InnoDB DEFAULT CHARSET=utf8mb4 COLLATE=utf8mb4_unicode_ci;

--
-- Дамп данных таблицы `transports`
--

INSERT INTO `transports` (`id`, `car_id`, `user_id`, `car_date`, `dimensions`, `number`, `registration`, `image`, `created_at`, `updated_at`) VALUES
(1, 8, 11, '2013-07-15 00:00:00', '5', 'WANNS', NULL, 'img/2013-07-15 00:00:00', '2022-01-20 02:58:07', '2022-01-20 02:58:07'),
(2, 14, 8, '2016-01-16 00:00:00', '9', '9YITY', NULL, 'img/2016-01-16 00:00:00', '2022-01-20 02:58:07', '2022-01-20 02:58:07'),
(3, 19, 15, '2010-05-26 00:00:00', '8', 'T1WB8', NULL, 'img/2010-05-26 00:00:00', '2022-01-20 02:58:07', '2022-01-20 02:58:07'),
(4, 13, 63, '2007-05-21 00:00:00', '2', 'ZPMOB', NULL, 'img/2007-05-21 00:00:00', '2022-01-20 02:58:07', '2022-01-20 02:58:07'),
(5, 20, 8, '1993-11-11 00:00:00', '4', 'GSBLK', NULL, 'img/1993-11-11 00:00:00', '2022-01-20 02:58:07', '2022-01-20 02:58:07'),
(6, 5, 36, '2003-03-05 00:00:00', '9', 'BBWNI', NULL, 'img/2003-03-05 00:00:00', '2022-01-20 02:58:07', '2022-01-20 02:58:07'),
(7, 19, 68, '2009-06-11 00:00:00', '6', 'NBLOE', NULL, 'img/2009-06-11 00:00:00', '2022-01-20 02:58:07', '2022-01-20 02:58:07'),
(8, 5, 94, '2014-06-29 00:00:00', '9', 'QLBIP', NULL, 'img/2014-06-29 00:00:00', '2022-01-20 02:58:07', '2022-01-20 02:58:07'),
(9, 9, 87, '1997-08-25 00:00:00', '2', 'IIFAK', NULL, 'img/1997-08-25 00:00:00', '2022-01-20 02:58:07', '2022-01-20 02:58:07'),
(10, 20, 21, '2016-05-20 00:00:00', '0', 'DOBMQ', NULL, 'img/2016-05-20 00:00:00', '2022-01-20 02:58:07', '2022-01-20 02:58:07'),
(11, 17, 13, '2004-10-13 00:00:00', '1', '49QTY', NULL, 'img/2004-10-13 00:00:00', '2022-01-20 02:58:07', '2022-01-20 02:58:07'),
(12, 17, 4, '2006-10-31 00:00:00', '2', '0I4VE', NULL, 'img/2006-10-31 00:00:00', '2022-01-20 02:58:07', '2022-01-20 02:58:07'),
(13, 17, 39, '2001-04-02 00:00:00', '6', 'D0SJY', NULL, 'img/2001-04-02 00:00:00', '2022-01-20 02:58:07', '2022-01-20 02:58:07'),
(14, 16, 57, '1995-11-06 00:00:00', '9', 'VZSKG', NULL, 'img/1995-11-06 00:00:00', '2022-01-20 02:58:07', '2022-01-20 02:58:07'),
(15, 11, 80, '2010-04-02 00:00:00', '6', 'GPMXS', NULL, 'img/2010-04-02 00:00:00', '2022-01-20 02:58:07', '2022-01-20 02:58:07'),
(16, 4, 66, '2008-10-30 00:00:00', '5', '6NS07', NULL, 'img/2008-10-30 00:00:00', '2022-01-20 02:58:07', '2022-01-20 02:58:07'),
(17, 18, 22, '2002-10-18 00:00:00', '0', 'UTWUI', NULL, 'img/2002-10-18 00:00:00', '2022-01-20 02:58:07', '2022-01-20 02:58:07'),
(18, 12, 80, '1996-03-09 00:00:00', '7', 'AZPJZ', NULL, 'img/1996-03-09 00:00:00', '2022-01-20 02:58:07', '2022-01-20 02:58:07'),
(19, 5, 14, '2008-09-12 00:00:00', '10', 'YFDGM', NULL, 'img/2008-09-12 00:00:00', '2022-01-20 02:58:07', '2022-01-20 02:58:07'),
(20, 18, 25, '2005-09-19 00:00:00', '2', 'XGGEL', NULL, 'img/2005-09-19 00:00:00', '2022-01-20 02:58:07', '2022-01-20 02:58:07'),
(21, 12, 15, '1993-11-06 00:00:00', '10', '2RKGT', NULL, 'img/1993-11-06 00:00:00', '2022-01-20 02:58:07', '2022-01-20 02:58:07'),
(22, 1, 1, '2001-02-05 00:00:00', '8', 'AWVQA', NULL, 'img/2001-02-05 00:00:00', '2022-01-20 02:58:07', '2022-01-20 02:58:07'),
(23, 10, 30, '1999-10-30 00:00:00', '8', 'ECQ0W', NULL, 'img/1999-10-30 00:00:00', '2022-01-20 02:58:07', '2022-01-20 02:58:07'),
(24, 16, 57, '2019-03-30 00:00:00', '1', 'VNVVK', NULL, 'img/2019-03-30 00:00:00', '2022-01-20 02:58:07', '2022-01-20 02:58:07'),
(25, 4, 100, '2016-09-09 00:00:00', '0', 'NQSAW', NULL, 'img/2016-09-09 00:00:00', '2022-01-20 02:58:07', '2022-01-20 02:58:07'),
(26, 8, 83, '2007-05-08 00:00:00', '4', 'PZAFD', NULL, 'img/2007-05-08 00:00:00', '2022-01-20 02:58:07', '2022-01-20 02:58:07'),
(27, 12, 71, '2019-12-29 00:00:00', '1', 'ZY3N4', NULL, 'img/2019-12-29 00:00:00', '2022-01-20 02:58:07', '2022-01-20 02:58:07'),
(28, 5, 15, '1994-08-23 00:00:00', '10', 'EYEHC', NULL, 'img/1994-08-23 00:00:00', '2022-01-20 02:58:07', '2022-01-20 02:58:07'),
(29, 16, 79, '1994-10-15 00:00:00', '4', 'OJOVM', NULL, 'img/1994-10-15 00:00:00', '2022-01-20 02:58:07', '2022-01-20 02:58:07'),
(30, 6, 94, '2002-05-02 00:00:00', '8', 'XZ8GM', NULL, 'img/2002-05-02 00:00:00', '2022-01-20 02:58:07', '2022-01-20 02:58:07'),
(31, 19, 48, '2001-10-04 00:00:00', '3', 'JDOMO', NULL, 'img/2001-10-04 00:00:00', '2022-01-20 02:58:07', '2022-01-20 02:58:07'),
(32, 19, 70, '2015-07-25 00:00:00', '4', '8AYER', NULL, 'img/2015-07-25 00:00:00', '2022-01-20 02:58:07', '2022-01-20 02:58:07'),
(33, 2, 14, '1993-01-24 00:00:00', '8', 'MXUKL', NULL, 'img/1993-01-24 00:00:00', '2022-01-20 02:58:07', '2022-01-20 02:58:07'),
(34, 14, 96, '1999-03-17 00:00:00', '0', 'OK8OV', NULL, 'img/1999-03-17 00:00:00', '2022-01-20 02:58:07', '2022-01-20 02:58:07'),
(35, 5, 97, '2010-05-25 00:00:00', '7', 'P3M7T', NULL, 'img/2010-05-25 00:00:00', '2022-01-20 02:58:07', '2022-01-20 02:58:07'),
(36, 20, 11, '2005-07-26 00:00:00', '4', 'ZLRYB', NULL, 'img/2005-07-26 00:00:00', '2022-01-20 02:58:07', '2022-01-20 02:58:07'),
(37, 14, 14, '2000-10-26 00:00:00', '3', 'OGZBP', NULL, 'img/2000-10-26 00:00:00', '2022-01-20 02:58:07', '2022-01-20 02:58:07'),
(38, 4, 54, '2017-12-29 00:00:00', '8', 'FEUUX', NULL, 'img/2017-12-29 00:00:00', '2022-01-20 02:58:07', '2022-01-20 02:58:07'),
(39, 4, 54, '2005-09-20 00:00:00', '10', 'XEMQN', NULL, 'img/2005-09-20 00:00:00', '2022-01-20 02:58:07', '2022-01-20 02:58:07'),
(40, 5, 35, '1992-09-13 00:00:00', '10', '5PPDX', NULL, 'img/1992-09-13 00:00:00', '2022-01-20 02:58:07', '2022-01-20 02:58:07'),
(41, 8, 78, '2000-10-04 00:00:00', '8', 'GPN4K', NULL, 'img/2000-10-04 00:00:00', '2022-01-20 02:58:07', '2022-01-20 02:58:07'),
(42, 15, 28, '2008-08-31 00:00:00', '0', 'TILTI', NULL, 'img/2008-08-31 00:00:00', '2022-01-20 02:58:07', '2022-01-20 02:58:07'),
(43, 7, 23, '2016-03-07 00:00:00', '3', 'ZZC7M', NULL, 'img/2016-03-07 00:00:00', '2022-01-20 02:58:07', '2022-01-20 02:58:07'),
(44, 2, 11, '2007-12-04 00:00:00', '0', 'O105Z', NULL, 'img/2007-12-04 00:00:00', '2022-01-20 02:58:07', '2022-01-20 02:58:07'),
(45, 9, 4, '2018-06-04 00:00:00', '8', 'A9ZKK', NULL, 'img/2018-06-04 00:00:00', '2022-01-20 02:58:07', '2022-01-20 02:58:07'),
(46, 12, 60, '1992-04-11 00:00:00', '9', 'SE24L', NULL, 'img/1992-04-11 00:00:00', '2022-01-20 02:58:07', '2022-01-20 02:58:07'),
(47, 3, 32, '2004-06-25 00:00:00', '2', '2MWJX', NULL, 'img/2004-06-25 00:00:00', '2022-01-20 02:58:07', '2022-01-20 02:58:07'),
(48, 11, 55, '2016-09-17 00:00:00', '0', '2WMX9', NULL, 'img/2016-09-17 00:00:00', '2022-01-20 02:58:07', '2022-01-20 02:58:07'),
(49, 9, 28, '1996-09-04 00:00:00', '0', 'H5OVK', NULL, 'img/1996-09-04 00:00:00', '2022-01-20 02:58:07', '2022-01-20 02:58:07'),
(50, 10, 58, '2011-10-25 00:00:00', '2', 'MAOH8', NULL, 'img/2011-10-25 00:00:00', '2022-01-20 02:58:07', '2022-01-20 02:58:07'),
(51, 2, 9, '2006-09-07 00:00:00', '10', 'YAZNO', NULL, 'img/2006-09-07 00:00:00', '2022-01-20 02:58:07', '2022-01-20 02:58:07'),
(52, 12, 12, '2010-04-21 00:00:00', '2', 'GIQU9', NULL, 'img/2010-04-21 00:00:00', '2022-01-20 02:58:07', '2022-01-20 02:58:07'),
(53, 2, 45, '2005-12-23 00:00:00', '4', 'T8JFQ', NULL, 'img/2005-12-23 00:00:00', '2022-01-20 02:58:07', '2022-01-20 02:58:07'),
(54, 13, 64, '2019-02-12 00:00:00', '2', 'VDJMB', NULL, 'img/2019-02-12 00:00:00', '2022-01-20 02:58:07', '2022-01-20 02:58:07'),
(55, 7, 1, '1999-11-18 00:00:00', '3', 'SQDNY', NULL, 'img/1999-11-18 00:00:00', '2022-01-20 02:58:07', '2022-01-20 02:58:07'),
(56, 10, 55, '2014-08-25 00:00:00', '5', 'G5PRP', NULL, 'img/2014-08-25 00:00:00', '2022-01-20 02:58:07', '2022-01-20 02:58:07'),
(57, 3, 11, '1994-08-08 00:00:00', '9', 'QLXIJ', NULL, 'img/1994-08-08 00:00:00', '2022-01-20 02:58:07', '2022-01-20 02:58:07'),
(58, 5, 60, '2011-03-12 00:00:00', '5', '0WHHX', NULL, 'img/2011-03-12 00:00:00', '2022-01-20 02:58:07', '2022-01-20 02:58:07'),
(59, 16, 6, '2004-08-04 00:00:00', '0', 'WCCCC', NULL, 'img/2004-08-04 00:00:00', '2022-01-20 02:58:07', '2022-01-20 02:58:07'),
(60, 20, 6, '2004-09-22 00:00:00', '4', 'ODJP9', NULL, 'img/2004-09-22 00:00:00', '2022-01-20 02:58:07', '2022-01-20 02:58:07'),
(61, 1, 31, '2011-12-27 00:00:00', '6', 'UUJAK', NULL, 'img/2011-12-27 00:00:00', '2022-01-20 02:58:07', '2022-01-20 02:58:07'),
(62, 10, 69, '2005-08-04 00:00:00', '2', 'AGMSU', NULL, 'img/2005-08-04 00:00:00', '2022-01-20 02:58:07', '2022-01-20 02:58:07'),
(63, 2, 36, '2012-09-13 00:00:00', '0', 'KRMED', NULL, 'img/2012-09-13 00:00:00', '2022-01-20 02:58:07', '2022-01-20 02:58:07'),
(64, 7, 13, '2017-11-06 00:00:00', '1', 'NM4ZO', NULL, 'img/2017-11-06 00:00:00', '2022-01-20 02:58:07', '2022-01-20 02:58:07'),
(65, 10, 86, '2018-04-23 00:00:00', '5', 'NADXF', NULL, 'img/2018-04-23 00:00:00', '2022-01-20 02:58:07', '2022-01-20 02:58:07'),
(66, 12, 21, '2004-03-07 00:00:00', '1', 'WUXDV', NULL, 'img/2004-03-07 00:00:00', '2022-01-20 02:58:07', '2022-01-20 02:58:07'),
(67, 3, 53, '1999-07-01 00:00:00', '3', 'NTX5O', NULL, 'img/1999-07-01 00:00:00', '2022-01-20 02:58:07', '2022-01-20 02:58:07'),
(68, 18, 29, '2005-08-31 00:00:00', '9', '0VJXS', NULL, 'img/2005-08-31 00:00:00', '2022-01-20 02:58:07', '2022-01-20 02:58:07'),
(69, 8, 90, '2006-08-18 00:00:00', '8', '6ZRZ5', NULL, 'img/2006-08-18 00:00:00', '2022-01-20 02:58:07', '2022-01-20 02:58:07'),
(70, 20, 8, '1993-12-05 00:00:00', '8', 'PIXHN', NULL, 'img/1993-12-05 00:00:00', '2022-01-20 02:58:07', '2022-01-20 02:58:07'),
(71, 14, 90, '2016-08-06 00:00:00', '4', 'HTAHH', NULL, 'img/2016-08-06 00:00:00', '2022-01-20 02:58:07', '2022-01-20 02:58:07'),
(72, 9, 93, '2007-09-22 00:00:00', '8', 'BUN0F', NULL, 'img/2007-09-22 00:00:00', '2022-01-20 02:58:07', '2022-01-20 02:58:07'),
(73, 12, 49, '2005-08-29 00:00:00', '0', '4IICD', NULL, 'img/2005-08-29 00:00:00', '2022-01-20 02:58:07', '2022-01-20 02:58:07'),
(74, 8, 37, '2015-09-17 00:00:00', '9', 'B64EW', NULL, 'img/2015-09-17 00:00:00', '2022-01-20 02:58:07', '2022-01-20 02:58:07'),
(75, 8, 56, '2015-06-29 00:00:00', '4', '2ZIRF', NULL, 'img/2015-06-29 00:00:00', '2022-01-20 02:58:07', '2022-01-20 02:58:07'),
(76, 13, 57, '2012-12-04 00:00:00', '0', 'WKNNK', NULL, 'img/2012-12-04 00:00:00', '2022-01-20 02:58:07', '2022-01-20 02:58:07'),
(77, 2, 94, '1998-08-20 00:00:00', '9', 'TDPAU', NULL, 'img/1998-08-20 00:00:00', '2022-01-20 02:58:07', '2022-01-20 02:58:07'),
(78, 8, 45, '2017-10-23 00:00:00', '3', 'FSSSK', NULL, 'img/2017-10-23 00:00:00', '2022-01-20 02:58:07', '2022-01-20 02:58:07'),
(79, 12, 52, '2019-02-06 00:00:00', '7', 'KS9XL', NULL, 'img/2019-02-06 00:00:00', '2022-01-20 02:58:07', '2022-01-20 02:58:07'),
(80, 14, 69, '1997-09-22 00:00:00', '4', '9U0ZI', NULL, 'img/1997-09-22 00:00:00', '2022-01-20 02:58:07', '2022-01-20 02:58:07'),
(81, 2, 43, '2003-12-10 00:00:00', '10', 'XDLXP', NULL, 'img/2003-12-10 00:00:00', '2022-01-20 02:58:07', '2022-01-20 02:58:07'),
(82, 17, 62, '2007-09-08 00:00:00', '7', 'TLV47', NULL, 'img/2007-09-08 00:00:00', '2022-01-20 02:58:07', '2022-01-20 02:58:07'),
(83, 3, 1, '2012-05-08 00:00:00', '9', 'AYBZG', NULL, 'img/2012-05-08 00:00:00', '2022-01-20 02:58:07', '2022-01-20 02:58:07'),
(84, 10, 48, '1995-01-14 00:00:00', '1', 'LKLB2', NULL, 'img/1995-01-14 00:00:00', '2022-01-20 02:58:07', '2022-01-20 02:58:07'),
(85, 5, 23, '2015-03-15 00:00:00', '4', 'TEOAT', NULL, 'img/2015-03-15 00:00:00', '2022-01-20 02:58:07', '2022-01-20 02:58:07'),
(86, 2, 41, '2009-12-25 00:00:00', '3', 'RR5IL', NULL, 'img/2009-12-25 00:00:00', '2022-01-20 02:58:07', '2022-01-20 02:58:07'),
(87, 20, 74, '1999-10-21 00:00:00', '1', 'A50S0', NULL, 'img/1999-10-21 00:00:00', '2022-01-20 02:58:07', '2022-01-20 02:58:07'),
(88, 12, 80, '2003-05-05 00:00:00', '2', 'OQXQ7', NULL, 'img/2003-05-05 00:00:00', '2022-01-20 02:58:07', '2022-01-20 02:58:07'),
(89, 3, 7, '2018-12-22 00:00:00', '6', 'E1NVF', NULL, 'img/2018-12-22 00:00:00', '2022-01-20 02:58:07', '2022-01-20 02:58:07'),
(90, 10, 78, '1994-09-13 00:00:00', '6', 'SNJYF', NULL, 'img/1994-09-13 00:00:00', '2022-01-20 02:58:07', '2022-01-20 02:58:07'),
(91, 4, 91, '2015-02-17 00:00:00', '8', 'XMZQI', NULL, 'img/2015-02-17 00:00:00', '2022-01-20 02:58:07', '2022-01-20 02:58:07'),
(92, 6, 18, '1997-07-17 00:00:00', '4', 'UFVD0', NULL, 'img/1997-07-17 00:00:00', '2022-01-20 02:58:07', '2022-01-20 02:58:07'),
(93, 9, 75, '1994-12-14 00:00:00', '2', 'DRK8W', NULL, 'img/1994-12-14 00:00:00', '2022-01-20 02:58:07', '2022-01-20 02:58:07'),
(94, 16, 43, '2013-08-02 00:00:00', '1', 'O0PHS', NULL, 'img/2013-08-02 00:00:00', '2022-01-20 02:58:07', '2022-01-20 02:58:07'),
(95, 13, 94, '2007-11-30 00:00:00', '3', 'RXZ7K', NULL, 'img/2007-11-30 00:00:00', '2022-01-20 02:58:07', '2022-01-20 02:58:07'),
(96, 20, 47, '1997-02-10 00:00:00', '6', 'UGK0C', NULL, 'img/1997-02-10 00:00:00', '2022-01-20 02:58:07', '2022-01-20 02:58:07'),
(97, 11, 73, '2015-02-11 00:00:00', '5', 'GMOL8', NULL, 'img/2015-02-11 00:00:00', '2022-01-20 02:58:07', '2022-01-20 02:58:07'),
(98, 19, 53, '1995-03-21 00:00:00', '4', 'PHTAG', NULL, 'img/1995-03-21 00:00:00', '2022-01-20 02:58:07', '2022-01-20 02:58:07'),
(99, 10, 87, '1995-06-18 00:00:00', '7', 'XPVFG', NULL, 'img/1995-06-18 00:00:00', '2022-01-20 02:58:07', '2022-01-20 02:58:07'),
(100, 16, 98, '2020-01-03 00:00:00', '7', 'OXONU', NULL, 'img/2020-01-03 00:00:00', '2022-01-20 02:58:07', '2022-01-20 02:58:07');

-- --------------------------------------------------------

--
-- Структура таблицы `users`
--

CREATE TABLE `users` (
  `id` bigint(20) UNSIGNED NOT NULL,
  `city_id` bigint(20) UNSIGNED DEFAULT NULL,
  `phone` varchar(255) COLLATE utf8mb4_unicode_ci NOT NULL,
  `password` varchar(255) COLLATE utf8mb4_unicode_ci DEFAULT NULL,
  `name` varchar(255) COLLATE utf8mb4_unicode_ci DEFAULT NULL,
  `surname` varchar(255) COLLATE utf8mb4_unicode_ci DEFAULT NULL,
  `date` datetime DEFAULT NULL,
  `iin` varchar(255) COLLATE utf8mb4_unicode_ci DEFAULT NULL,
  `avatar` varchar(255) COLLATE utf8mb4_unicode_ci DEFAULT NULL,
  `access_token` varchar(255) COLLATE utf8mb4_unicode_ci DEFAULT NULL,
  `code` int(11) DEFAULT NULL,
  `promocode` varchar(255) COLLATE utf8mb4_unicode_ci DEFAULT NULL,
  `actived` tinyint(1) NOT NULL DEFAULT '0',
  `phone_verified` datetime DEFAULT NULL,
  `created_at` timestamp NULL DEFAULT NULL,
  `updated_at` timestamp NULL DEFAULT NULL
) ENGINE=InnoDB DEFAULT CHARSET=utf8mb4 COLLATE=utf8mb4_unicode_ci;

--
-- Дамп данных таблицы `users`
--

INSERT INTO `users` (`id`, `city_id`, `phone`, `password`, `name`, `surname`, `date`, `iin`, `avatar`, `access_token`, `code`, `promocode`, `actived`, `phone_verified`, `created_at`, `updated_at`) VALUES
(1, 7, '+16898176717', '$2y$10$JTKFLbNHCXxl1XpmvaFUZ.hLLXDvPkxGrleTrAPAyY9q6sg.DISnO', 'Colten', 'Kihn', '2021-07-19 00:00:00', '727485061823', 'avatar/201471', '8IN7ETQVVABQHGBFW4IANIJUKA832YJHWJ4NVECP', 11111, 'YRNXV', 1, '2022-01-20 08:58:07', '2022-01-20 02:58:07', '2022-01-20 02:58:07'),
(2, 4, '+1-458-297-8564', '$2y$10$JTKFLbNHCXxl1XpmvaFUZ.hLLXDvPkxGrleTrAPAyY9q6sg.DISnO', 'Ludie', 'Schoen', '2021-08-26 00:00:00', '930713294000', 'avatar/089084', 'LRP419HKUZW1VO484A53H0P6QFRQ5APP4CY6KVDA', 11111, 'M5GBS', 1, '2022-01-20 08:58:07', '2022-01-20 02:58:07', '2022-01-20 02:58:07'),
(3, 3, '+12205438035', '$2y$10$JTKFLbNHCXxl1XpmvaFUZ.hLLXDvPkxGrleTrAPAyY9q6sg.DISnO', 'Thalia', 'Sawayn', '2018-03-14 00:00:00', '347912952433', 'avatar/949725', 'L8UAB3DHA8TUNRB4JHCCANAD3F4HPERI1KOJKXJF', 11111, 'MUWC3', 1, '2022-01-20 08:58:07', '2022-01-20 02:58:07', '2022-01-20 02:58:07'),
(4, 2, '+1.984.423.3168', '$2y$10$JTKFLbNHCXxl1XpmvaFUZ.hLLXDvPkxGrleTrAPAyY9q6sg.DISnO', 'Moshe', 'Pollich', '2019-11-03 00:00:00', '748491558526', 'avatar/448853', 'SIYFVN5J3J9FB8AKFIVVS9IUEWINXPP5CXQP8KO6', 11111, 'QHAJR', 1, '2022-01-20 08:58:07', '2022-01-20 02:58:07', '2022-01-20 02:58:07'),
(5, 5, '+1-813-430-5323', '$2y$10$JTKFLbNHCXxl1XpmvaFUZ.hLLXDvPkxGrleTrAPAyY9q6sg.DISnO', 'Myrtle', 'Kohler', '2016-09-27 00:00:00', '421534894785', 'avatar/096934', 'MVMNOYWHV4PTXZKNWLILCPAFXSEIOJ4HBPB60VM2', 11111, 'QRLCS', 1, '2022-01-20 08:58:07', '2022-01-20 02:58:07', '2022-01-20 02:58:07'),
(6, 12, '+1-442-656-7601', '$2y$10$JTKFLbNHCXxl1XpmvaFUZ.hLLXDvPkxGrleTrAPAyY9q6sg.DISnO', 'Ronaldo', 'Robel', '2022-01-04 00:00:00', '966246690324', 'avatar/850694', 'CMYPGL3UEBLXKXH65HP3ENYWHOOKL5ED1EQV9OGC', 11111, 'C3FDB', 1, '2022-01-20 08:58:07', '2022-01-20 02:58:07', '2022-01-20 02:58:07'),
(7, 2, '+1.337.936.7818', '$2y$10$JTKFLbNHCXxl1XpmvaFUZ.hLLXDvPkxGrleTrAPAyY9q6sg.DISnO', 'Ivy', 'Graham', '2021-05-10 00:00:00', '265749161960', 'avatar/226117', 'Z3X1M5NNAPGJ7HCFJBAYVXMI8NSEV04TZ3Z5VXYS', 11111, 'SXCGX', 1, '2022-01-20 08:58:07', '2022-01-20 02:58:07', '2022-01-20 02:58:07'),
(8, 18, '402-880-3258', '$2y$10$JTKFLbNHCXxl1XpmvaFUZ.hLLXDvPkxGrleTrAPAyY9q6sg.DISnO', 'Stacy', 'Swift', '2018-05-16 00:00:00', '724143809541', 'avatar/280017', 'VBFCXY5ZWVIXSEXOK6PSCMRODGMO6XUODBFQCVQW', 11111, 'TDEDF', 1, '2022-01-20 08:58:07', '2022-01-20 02:58:07', '2022-01-20 02:58:07'),
(9, 13, '864.431.3090', '$2y$10$JTKFLbNHCXxl1XpmvaFUZ.hLLXDvPkxGrleTrAPAyY9q6sg.DISnO', 'Lenora', 'Jacobs', '2021-06-14 00:00:00', '191231798552', 'avatar/742960', 'CYFZBEMF4KGEDDTUE5VXGJ2WVBJX9PZQO8N0D3GP', 11111, 'RD4FT', 1, '2022-01-20 08:58:07', '2022-01-20 02:58:07', '2022-01-20 02:58:07'),
(10, 4, '1-609-972-1359', '$2y$10$JTKFLbNHCXxl1XpmvaFUZ.hLLXDvPkxGrleTrAPAyY9q6sg.DISnO', 'Wyman', 'Rutherford', '2020-02-09 00:00:00', '462733422992', 'avatar/461361', 'D6QNJI0J1RMLGGYT2IHUSLMYUQGTATXK9Y9MOSBM', 11111, 'KEEK9', 1, '2022-01-20 08:58:07', '2022-01-20 02:58:07', '2022-01-20 02:58:07'),
(11, 2, '+1-317-437-5340', '$2y$10$JTKFLbNHCXxl1XpmvaFUZ.hLLXDvPkxGrleTrAPAyY9q6sg.DISnO', 'Johnathan', 'Maggio', '2021-07-15 00:00:00', '714630853393', 'avatar/989625', '6LZ0VBB0PNIDZXKYOTMMIIVSIGLKCEDHI2NJC9SU', 11111, 'S04FS', 1, '2022-01-20 08:58:07', '2022-01-20 02:58:07', '2022-01-20 02:58:07'),
(12, 20, '(628) 243-5079', '$2y$10$JTKFLbNHCXxl1XpmvaFUZ.hLLXDvPkxGrleTrAPAyY9q6sg.DISnO', 'Marcos', 'Bechtelar', '2021-05-29 00:00:00', '020237225893', 'avatar/761124', 'RP6CQMYTQHIQVZDYDBMWF1SLGJGINV3KZ0VVHGKW', 11111, 'PQJJ7', 1, '2022-01-20 08:58:07', '2022-01-20 02:58:07', '2022-01-20 02:58:07'),
(13, 17, '1-949-424-5867', '$2y$10$JTKFLbNHCXxl1XpmvaFUZ.hLLXDvPkxGrleTrAPAyY9q6sg.DISnO', 'Gardner', 'Jakubowski', '2019-10-25 00:00:00', '709746869206', 'avatar/136443', 'WSQ2VFQKRL70F2MGJIIOKUXT4BMZE2XMWCGENRAW', 11111, 'OKLLW', 1, '2022-01-20 08:58:07', '2022-01-20 02:58:07', '2022-01-20 02:58:07'),
(14, 6, '520-604-9723', '$2y$10$JTKFLbNHCXxl1XpmvaFUZ.hLLXDvPkxGrleTrAPAyY9q6sg.DISnO', 'Evan', 'Waelchi', '2017-03-18 00:00:00', '240211708533', 'avatar/239914', 'ORX0MNNZWLHT00HF4KEJ0HSYWONQY5GQ43JKVBZW', 11111, '0TRUD', 1, '2022-01-20 08:58:07', '2022-01-20 02:58:07', '2022-01-20 02:58:07'),
(15, 18, '+1.828.284.4463', '$2y$10$JTKFLbNHCXxl1XpmvaFUZ.hLLXDvPkxGrleTrAPAyY9q6sg.DISnO', 'Caleb', 'Hickle', '2019-10-13 00:00:00', '022365391266', 'avatar/912309', 'VXMBIMVRNLXJR9FXAJCULRDMOBIL9DKYHXITNAFB', 11111, 'M7GG4', 1, '2022-01-20 08:58:07', '2022-01-20 02:58:07', '2022-01-20 02:58:07'),
(16, 15, '(534) 445-6950', '$2y$10$JTKFLbNHCXxl1XpmvaFUZ.hLLXDvPkxGrleTrAPAyY9q6sg.DISnO', 'Jessy', 'Waelchi', '2017-04-14 00:00:00', '118067210454', 'avatar/685191', '6YWEXEULDRJGJQLLDKIHLQDMUSNEMJEB6TOPJVQX', 11111, 'BRCQS', 1, '2022-01-20 08:58:07', '2022-01-20 02:58:07', '2022-01-20 02:58:07'),
(17, 14, '575.259.1449', '$2y$10$JTKFLbNHCXxl1XpmvaFUZ.hLLXDvPkxGrleTrAPAyY9q6sg.DISnO', 'Yvette', 'Rempel', '2016-10-22 00:00:00', '628261154700', 'avatar/784901', 'QFP22FGOGSALTMHZBIGO2EDHLOGWMIHU3BYRYPWM', 11111, 'KPREC', 1, '2022-01-20 08:58:07', '2022-01-20 02:58:07', '2022-01-20 02:58:07'),
(18, 14, '+1.913.520.4422', '$2y$10$JTKFLbNHCXxl1XpmvaFUZ.hLLXDvPkxGrleTrAPAyY9q6sg.DISnO', 'Jazmin', 'Schmitt', '2017-05-25 00:00:00', '386762409189', 'avatar/625520', 'OJSAZGDOAWCCFW3H2O5CSJB7N2JBCL1YRUYKPRBA', 11111, '9VR7I', 1, '2022-01-20 08:58:07', '2022-01-20 02:58:07', '2022-01-20 02:58:07'),
(19, 4, '743-788-5859', '$2y$10$JTKFLbNHCXxl1XpmvaFUZ.hLLXDvPkxGrleTrAPAyY9q6sg.DISnO', 'Octavia', 'Dach', '2020-03-22 00:00:00', '777517917230', 'avatar/475647', 'USEIX0VT9H59EKAYTKNZERZMCGKOB9XEJUE65NUY', 11111, 'CHMKT', 1, '2022-01-20 08:58:07', '2022-01-20 02:58:07', '2022-01-20 02:58:07'),
(20, 9, '+1-220-586-6688', '$2y$10$JTKFLbNHCXxl1XpmvaFUZ.hLLXDvPkxGrleTrAPAyY9q6sg.DISnO', 'Luz', 'Lebsack', '2018-06-11 00:00:00', '415155662058', 'avatar/202706', 'YJLUWMLPL9DO4OMEFPAQ9MOOKNXWSLJS3D7NUQHR', 11111, '7QGHB', 1, '2022-01-20 08:58:07', '2022-01-20 02:58:07', '2022-01-20 02:58:07'),
(21, 16, '+19702064289', '$2y$10$JTKFLbNHCXxl1XpmvaFUZ.hLLXDvPkxGrleTrAPAyY9q6sg.DISnO', 'Michel', 'Price', '2018-09-17 00:00:00', '328272694597', 'avatar/864273', 'BPL93LBK2UJ8ATCUVGTZUOWOIHVFOMQFPTHTZAF2', 11111, 'EJPM2', 1, '2022-01-20 08:58:07', '2022-01-20 02:58:07', '2022-01-20 02:58:07'),
(22, 18, '+1 (606) 904-6351', '$2y$10$JTKFLbNHCXxl1XpmvaFUZ.hLLXDvPkxGrleTrAPAyY9q6sg.DISnO', 'Daija', 'Ortiz', '2021-08-15 00:00:00', '460746766021', 'avatar/991500', 'ZIQIWV4EZZ42C0MZBACWSAY1Q9YYJH9DY94XALZL', 11111, '78SYS', 1, '2022-01-20 08:58:07', '2022-01-20 02:58:07', '2022-01-20 02:58:07'),
(23, 6, '571-236-5557', '$2y$10$JTKFLbNHCXxl1XpmvaFUZ.hLLXDvPkxGrleTrAPAyY9q6sg.DISnO', 'Bo', 'Hansen', '2016-11-07 00:00:00', '635611387270', 'avatar/258622', 'FBZNZYBXSYJERZGHFWCPPL9BOSGFFWW5AVJTM44J', 11111, 'QQ1RT', 1, '2022-01-20 08:58:07', '2022-01-20 02:58:07', '2022-01-20 02:58:07'),
(24, 10, '(828) 747-5365', '$2y$10$JTKFLbNHCXxl1XpmvaFUZ.hLLXDvPkxGrleTrAPAyY9q6sg.DISnO', 'Art', 'Simonis', '2019-01-19 00:00:00', '490651156960', 'avatar/835124', 'KZ7FCD0UYYDL0G0PZF7YMAZVNU7LLZK2QELWE93Y', 11111, 'S5K0G', 1, '2022-01-20 08:58:07', '2022-01-20 02:58:07', '2022-01-20 02:58:07'),
(25, 6, '725-287-6884', '$2y$10$JTKFLbNHCXxl1XpmvaFUZ.hLLXDvPkxGrleTrAPAyY9q6sg.DISnO', 'Adan', 'Abshire', '2021-11-25 00:00:00', '474796321066', 'avatar/170110', 'KZXJMK4ENWSJQWJ7KZCEBWJXDGMW8Z4PF0ENDVRH', 11111, 'ID4YI', 1, '2022-01-20 08:58:07', '2022-01-20 02:58:07', '2022-01-20 02:58:07'),
(26, 19, '1-650-984-6178', '$2y$10$JTKFLbNHCXxl1XpmvaFUZ.hLLXDvPkxGrleTrAPAyY9q6sg.DISnO', 'Durward', 'Goodwin', '2018-03-02 00:00:00', '245841016945', 'avatar/497190', 'JYHNLJICLQEP7KBZRL6I30DWWF718RZDDQXQ1WYD', 11111, 'XYPOE', 1, '2022-01-20 08:58:07', '2022-01-20 02:58:07', '2022-01-20 02:58:07'),
(27, 17, '669-557-0215', '$2y$10$JTKFLbNHCXxl1XpmvaFUZ.hLLXDvPkxGrleTrAPAyY9q6sg.DISnO', 'Corrine', 'Bogan', '2020-11-17 00:00:00', '426057236631', 'avatar/887650', 'U6MTCAPKVSELU9VTIKSCF5PTWIHAVCKPC0BV6FHW', 11111, '5JCT0', 1, '2022-01-20 08:58:07', '2022-01-20 02:58:07', '2022-01-20 02:58:07'),
(28, 12, '689-698-7992', '$2y$10$JTKFLbNHCXxl1XpmvaFUZ.hLLXDvPkxGrleTrAPAyY9q6sg.DISnO', 'Eveline', 'Daugherty', '2017-05-09 00:00:00', '180769812037', 'avatar/472231', 'UXO1PMYB8JQVVZTS1D5R14U8RG8QY3QMZINDKZMP', 11111, 'SG2B5', 1, '2022-01-20 08:58:07', '2022-01-20 02:58:07', '2022-01-20 02:58:07'),
(29, 14, '763-762-4753', '$2y$10$JTKFLbNHCXxl1XpmvaFUZ.hLLXDvPkxGrleTrAPAyY9q6sg.DISnO', 'Nyasia', 'Klocko', '2019-06-27 00:00:00', '399877390836', 'avatar/110884', 'OJUDRFMPSSXFMPEAYRFVDLMHLKULWPRLZLXCD8ZO', 11111, 'VOUQI', 1, '2022-01-20 08:58:07', '2022-01-20 02:58:07', '2022-01-20 02:58:07'),
(30, 12, '+1-802-839-8959', '$2y$10$JTKFLbNHCXxl1XpmvaFUZ.hLLXDvPkxGrleTrAPAyY9q6sg.DISnO', 'Emanuel', 'Murazik', '2017-02-27 00:00:00', '974513185983', 'avatar/615730', '9CF29IBGMTYGVFGEFFS9ES2PNTRIZA6FLXQDLEKM', 11111, 'ZJGMN', 1, '2022-01-20 08:58:07', '2022-01-20 02:58:07', '2022-01-20 02:58:07'),
(31, 12, '(859) 502-4322', '$2y$10$JTKFLbNHCXxl1XpmvaFUZ.hLLXDvPkxGrleTrAPAyY9q6sg.DISnO', 'Brielle', 'O\'Keefe', '2018-11-12 00:00:00', '777984806826', 'avatar/967300', 'NSNNHXXZKQEYVUMN2MJB1DHW6DWNTIXIQFMCLWSC', 11111, 'ZB3YK', 1, '2022-01-20 08:58:07', '2022-01-20 02:58:07', '2022-01-20 02:58:07'),
(32, 11, '+1-253-754-2594', '$2y$10$JTKFLbNHCXxl1XpmvaFUZ.hLLXDvPkxGrleTrAPAyY9q6sg.DISnO', 'Brendan', 'Bode', '2021-05-17 00:00:00', '287137460086', 'avatar/403888', 'ZTPBBFHSS3QZCYD82X6UUWURE8DHCHVYKSHIJRIX', 11111, '6QVDK', 1, '2022-01-20 08:58:07', '2022-01-20 02:58:07', '2022-01-20 02:58:07'),
(33, 4, '402-698-5985', '$2y$10$JTKFLbNHCXxl1XpmvaFUZ.hLLXDvPkxGrleTrAPAyY9q6sg.DISnO', 'Cheyanne', 'Tromp', '2017-07-15 00:00:00', '680665419093', 'avatar/498210', 'WG99DCLBFAQSZJJRKGUOVCB0IWQULGUOKX25LMRS', 11111, '5DZ8J', 1, '2022-01-20 08:58:07', '2022-01-20 02:58:07', '2022-01-20 02:58:07'),
(34, 16, '(863) 729-6490', '$2y$10$JTKFLbNHCXxl1XpmvaFUZ.hLLXDvPkxGrleTrAPAyY9q6sg.DISnO', 'Ruthie', 'Jerde', '2020-11-29 00:00:00', '390620412568', 'avatar/502299', 'R9ZTOHVCP3TJWKTIMEW8HBSROLLRZZ972PCLRHPQ', 11111, 'RFNKO', 1, '2022-01-20 08:58:07', '2022-01-20 02:58:07', '2022-01-20 02:58:07'),
(35, 17, '+12013223855', '$2y$10$JTKFLbNHCXxl1XpmvaFUZ.hLLXDvPkxGrleTrAPAyY9q6sg.DISnO', 'Alexzander', 'Wilderman', '2018-05-21 00:00:00', '117687170481', 'avatar/276635', 'MLBZ4WAJORY71QD84A4DIZTFP8HWU1M6ZV3P5YLB', 11111, 'WCUYQ', 1, '2022-01-20 08:58:07', '2022-01-20 02:58:07', '2022-01-20 02:58:07'),
(36, 20, '+15409512441', '$2y$10$JTKFLbNHCXxl1XpmvaFUZ.hLLXDvPkxGrleTrAPAyY9q6sg.DISnO', 'Eulah', 'Kunde', '2020-10-13 00:00:00', '649666849761', 'avatar/647249', 'UEYMGLFMURXU89HEN2WKRMIPTJYMC2Z1RNT9YPSI', 11111, 'QJZOJ', 1, '2022-01-20 08:58:07', '2022-01-20 02:58:07', '2022-01-20 02:58:07'),
(37, 1, '1-949-602-0703', '$2y$10$JTKFLbNHCXxl1XpmvaFUZ.hLLXDvPkxGrleTrAPAyY9q6sg.DISnO', 'Karli', 'Wolff', '2018-06-21 00:00:00', '941023547361', 'avatar/052539', 'CMSMHPZYTUBCGCLZAIS1BMIGQIO794Q5KVTXOJCJ', 11111, 'XDTTE', 1, '2022-01-20 08:58:07', '2022-01-20 02:58:07', '2022-01-20 02:58:07'),
(38, 11, '843-299-7771', '$2y$10$JTKFLbNHCXxl1XpmvaFUZ.hLLXDvPkxGrleTrAPAyY9q6sg.DISnO', 'Burnice', 'Skiles', '2020-06-14 00:00:00', '029166550835', 'avatar/638086', 'H9ALGBLHLJLTJB4VS6MHLXXUUDRTNGTGBFULW5CN', 11111, 'JIWFQ', 1, '2022-01-20 08:58:07', '2022-01-20 02:58:07', '2022-01-20 02:58:07'),
(39, 11, '1-351-587-5242', '$2y$10$JTKFLbNHCXxl1XpmvaFUZ.hLLXDvPkxGrleTrAPAyY9q6sg.DISnO', 'Cyrus', 'Herzog', '2018-12-28 00:00:00', '174786262899', 'avatar/128194', 'OZP05X1AA3ENQMHDBZ6L7WWTOXBPRS9FL2VQM45N', 11111, '5VQ4Z', 1, '2022-01-20 08:58:07', '2022-01-20 02:58:07', '2022-01-20 02:58:07'),
(40, 18, '(209) 580-6184', '$2y$10$JTKFLbNHCXxl1XpmvaFUZ.hLLXDvPkxGrleTrAPAyY9q6sg.DISnO', 'Kellie', 'Stracke', '2021-02-16 00:00:00', '845870403353', 'avatar/419677', 'KUZ2DYKATWRIXHWM71JMUBEDO9FRIWLQ4ZCITBTB', 11111, '5KSHQ', 1, '2022-01-20 08:58:07', '2022-01-20 02:58:07', '2022-01-20 02:58:07'),
(41, 3, '330-619-8026', '$2y$10$JTKFLbNHCXxl1XpmvaFUZ.hLLXDvPkxGrleTrAPAyY9q6sg.DISnO', 'Piper', 'Ledner', '2018-04-09 00:00:00', '393061748757', 'avatar/677753', '9UOQHOWUU7GEVJ2RVMU7OG0ZM2BVONWHVUU3AMWL', 11111, 'AWZIV', 1, '2022-01-20 08:58:07', '2022-01-20 02:58:07', '2022-01-20 02:58:07'),
(42, 15, '1-651-301-8928', '$2y$10$JTKFLbNHCXxl1XpmvaFUZ.hLLXDvPkxGrleTrAPAyY9q6sg.DISnO', 'Lois', 'O\'Connell', '2018-02-28 00:00:00', '070319150865', 'avatar/724054', 'DE2OJXMGLHLOWOWV2W770Q9MFZP4G4FA8UCMFXGY', 11111, 'RK34S', 1, '2022-01-20 08:58:07', '2022-01-20 02:58:07', '2022-01-20 02:58:07'),
(43, 20, '530.802.5580', '$2y$10$JTKFLbNHCXxl1XpmvaFUZ.hLLXDvPkxGrleTrAPAyY9q6sg.DISnO', 'Stella', 'Prohaska', '2019-02-22 00:00:00', '504978719708', 'avatar/159907', 'IRZ5JCZJ38WGJLOAFBGA2XZ6TO82VW8R4LI1YLMS', 11111, 'HRLVW', 1, '2022-01-20 08:58:07', '2022-01-20 02:58:07', '2022-01-20 02:58:07'),
(44, 20, '682-654-0745', '$2y$10$JTKFLbNHCXxl1XpmvaFUZ.hLLXDvPkxGrleTrAPAyY9q6sg.DISnO', 'Alayna', 'Ledner', '2016-08-06 00:00:00', '097940051263', 'avatar/150513', 'M741QVOBVWSDZDNOHLNXNKA6WJTWM61U6PYIQQFD', 11111, 'TUPH5', 1, '2022-01-20 08:58:07', '2022-01-20 02:58:07', '2022-01-20 02:58:07'),
(45, 17, '681-894-6971', '$2y$10$JTKFLbNHCXxl1XpmvaFUZ.hLLXDvPkxGrleTrAPAyY9q6sg.DISnO', 'Emil', 'Dooley', '2016-08-18 00:00:00', '792688103941', 'avatar/832768', '4RX38GFCC0VPYGW9N7FHUZ1EKPDIT4VSNRYSSLEF', 11111, 'GGAQJ', 1, '2022-01-20 08:58:07', '2022-01-20 02:58:07', '2022-01-20 02:58:07'),
(46, 9, '863.995.5911', '$2y$10$JTKFLbNHCXxl1XpmvaFUZ.hLLXDvPkxGrleTrAPAyY9q6sg.DISnO', 'Nona', 'Pfannerstill', '2017-03-03 00:00:00', '864180810262', 'avatar/036119', 'YKDG73IUKM49DDIRFPME5XKPYTVDZKPAPLFAYYX1', 11111, 'EUJVG', 1, '2022-01-20 08:58:07', '2022-01-20 02:58:07', '2022-01-20 02:58:07'),
(47, 2, '+1-320-215-5329', '$2y$10$JTKFLbNHCXxl1XpmvaFUZ.hLLXDvPkxGrleTrAPAyY9q6sg.DISnO', 'Bertrand', 'Fadel', '2020-07-19 00:00:00', '126760138088', 'avatar/265339', 'L3VWE9SWAKOGVDQYJKPS5O3XGMIRWTMABRX5NJFU', 11111, 'EQNJR', 1, '2022-01-20 08:58:07', '2022-01-20 02:58:07', '2022-01-20 02:58:07'),
(48, 5, '+14809142033', '$2y$10$JTKFLbNHCXxl1XpmvaFUZ.hLLXDvPkxGrleTrAPAyY9q6sg.DISnO', 'Antonietta', 'Brakus', '2019-10-06 00:00:00', '499976430735', 'avatar/141456', 'NPYSRFDDHFXHBWQPD9URCP8EZXNA6EOMLRTHA7UB', 11111, '1KM9U', 1, '2022-01-20 08:58:07', '2022-01-20 02:58:07', '2022-01-20 02:58:07'),
(49, 18, '(484) 508-7536', '$2y$10$JTKFLbNHCXxl1XpmvaFUZ.hLLXDvPkxGrleTrAPAyY9q6sg.DISnO', 'Otilia', 'Carter', '2018-07-10 00:00:00', '817057017897', 'avatar/289299', 'YH1ZWPYUILFBXXHGWBTKALCEUR6CBVG4BKQ5DHGU', 11111, 'T4LMD', 1, '2022-01-20 08:58:07', '2022-01-20 02:58:07', '2022-01-20 02:58:07'),
(50, 10, '769.399.6640', '$2y$10$JTKFLbNHCXxl1XpmvaFUZ.hLLXDvPkxGrleTrAPAyY9q6sg.DISnO', 'Melissa', 'Lang', '2021-05-04 00:00:00', '184928995117', 'avatar/068601', '4YUGYBS6VRWU3CSPOD9HVX4WGRPR7TTSBP3O7FPN', 11111, 'LXPLS', 1, '2022-01-20 08:58:07', '2022-01-20 02:58:07', '2022-01-20 02:58:07'),
(51, 7, '+1.859.328.7390', '$2y$10$JTKFLbNHCXxl1XpmvaFUZ.hLLXDvPkxGrleTrAPAyY9q6sg.DISnO', 'Mary', 'Balistreri', '2016-12-06 00:00:00', '690313561322', 'avatar/173905', 'JWLKLOYPPWRHAT0BUFCCC1CZMHTKHLAHV9FLUK7K', 11111, 'JPE7Z', 1, '2022-01-20 08:58:07', '2022-01-20 02:58:07', '2022-01-20 02:58:07'),
(52, 13, '843.705.7810', '$2y$10$JTKFLbNHCXxl1XpmvaFUZ.hLLXDvPkxGrleTrAPAyY9q6sg.DISnO', 'Kaela', 'Ankunding', '2019-12-15 00:00:00', '540968095382', 'avatar/071076', '1CRQ0NGPKY9EXKVBJMPRPLBAB4EGAZOPZ9D7IQUV', 11111, 'SP3PA', 1, '2022-01-20 08:58:07', '2022-01-20 02:58:07', '2022-01-20 02:58:07'),
(53, 13, '802.538.3004', '$2y$10$JTKFLbNHCXxl1XpmvaFUZ.hLLXDvPkxGrleTrAPAyY9q6sg.DISnO', 'Dameon', 'Wintheiser', '2018-06-11 00:00:00', '617270099558', 'avatar/706574', '25LXDDEXNYJLGK2NBZYKNSKDEBVD2TYLVG6ZMGRD', 11111, 'OYYJJ', 1, '2022-01-20 08:58:07', '2022-01-20 02:58:07', '2022-01-20 02:58:07'),
(54, 15, '856.493.6267', '$2y$10$JTKFLbNHCXxl1XpmvaFUZ.hLLXDvPkxGrleTrAPAyY9q6sg.DISnO', 'Johnathan', 'Friesen', '2018-12-25 00:00:00', '177001844055', 'avatar/979951', '0ABMDNWZXTEZTEC08SYA5SFPUP3Z3WWM3FZ8PP8Z', 11111, 'DK942', 1, '2022-01-20 08:58:07', '2022-01-20 02:58:07', '2022-01-20 02:58:07'),
(55, 6, '1-662-209-1392', '$2y$10$JTKFLbNHCXxl1XpmvaFUZ.hLLXDvPkxGrleTrAPAyY9q6sg.DISnO', 'Felicita', 'Schimmel', '2020-02-22 00:00:00', '408324109678', 'avatar/481995', '3ZS7N9WNN37GZTMNHVOXY84T4ZKERZQUGHYNTYZ3', 11111, 'ET3B9', 1, '2022-01-20 08:58:07', '2022-01-20 02:58:07', '2022-01-20 02:58:07'),
(56, 7, '717-322-7976', '$2y$10$JTKFLbNHCXxl1XpmvaFUZ.hLLXDvPkxGrleTrAPAyY9q6sg.DISnO', 'Al', 'Lang', '2019-12-08 00:00:00', '728497918907', 'avatar/223343', '0CTJMXRZ8Q2LX5QKJASJACAQRCAONK1EOAJDV7WF', 11111, 'NFJDZ', 1, '2022-01-20 08:58:07', '2022-01-20 02:58:07', '2022-01-20 02:58:07'),
(57, 20, '(936) 643-7709', '$2y$10$JTKFLbNHCXxl1XpmvaFUZ.hLLXDvPkxGrleTrAPAyY9q6sg.DISnO', 'Mabelle', 'Hermiston', '2019-02-13 00:00:00', '596655955131', 'avatar/521620', 'JOID4GMGACTZZIDWIDLCRDAXQBFOT3MAJB4S4WWF', 11111, 'JR5J0', 1, '2022-01-20 08:58:07', '2022-01-20 02:58:07', '2022-01-20 02:58:07'),
(58, 3, '(651) 975-7719', '$2y$10$JTKFLbNHCXxl1XpmvaFUZ.hLLXDvPkxGrleTrAPAyY9q6sg.DISnO', 'Margot', 'Bergnaum', '2018-06-02 00:00:00', '411889862827', 'avatar/768191', 'HBAWUFYETGK5E3JZSHFSGUZZBMHA052JWJCQWILL', 11111, 'N3ZSA', 1, '2022-01-20 08:58:07', '2022-01-20 02:58:07', '2022-01-20 02:58:07'),
(59, 1, '469.674.3247', '$2y$10$JTKFLbNHCXxl1XpmvaFUZ.hLLXDvPkxGrleTrAPAyY9q6sg.DISnO', 'Daryl', 'Stanton', '2020-11-16 00:00:00', '868579392087', 'avatar/184609', 'XTXHXLD0YUIIS49ZBXQKJ2UGLKOJGSBNYM8ZER4H', 11111, 'RQBAZ', 1, '2022-01-20 08:58:07', '2022-01-20 02:58:07', '2022-01-20 02:58:07'),
(60, 4, '+1-689-825-6855', '$2y$10$JTKFLbNHCXxl1XpmvaFUZ.hLLXDvPkxGrleTrAPAyY9q6sg.DISnO', 'Demetris', 'Satterfield', '2018-10-19 00:00:00', '765409650693', 'avatar/923944', 'MWNZAPKXQUPZBRW6YTH3FIWCLCJHOHDJNT7HPYKG', 11111, 'VG0BD', 1, '2022-01-20 08:58:07', '2022-01-20 02:58:07', '2022-01-20 02:58:07'),
(61, 4, '217.683.3918', '$2y$10$JTKFLbNHCXxl1XpmvaFUZ.hLLXDvPkxGrleTrAPAyY9q6sg.DISnO', 'Lonie', 'Kling', '2017-03-24 00:00:00', '140524060157', 'avatar/865165', 'ZBWZPZ5EGIBBTYO01BCP3CXJBCIRUM8DHAANJHRK', 11111, 'AZ7EJ', 1, '2022-01-20 08:58:07', '2022-01-20 02:58:07', '2022-01-20 02:58:07'),
(62, 14, '+1-938-312-8201', '$2y$10$JTKFLbNHCXxl1XpmvaFUZ.hLLXDvPkxGrleTrAPAyY9q6sg.DISnO', 'Humberto', 'Marks', '2020-05-30 00:00:00', '619852466232', 'avatar/720951', 'F5R1033GRVDIRIZOCXKH67YMGVKFTGQGJGMBQJ3J', 11111, '77RYD', 1, '2022-01-20 08:58:07', '2022-01-20 02:58:07', '2022-01-20 02:58:07'),
(63, 10, '1-904-494-0115', '$2y$10$JTKFLbNHCXxl1XpmvaFUZ.hLLXDvPkxGrleTrAPAyY9q6sg.DISnO', 'Isabelle', 'Witting', '2018-11-29 00:00:00', '337668105245', 'avatar/945380', 'LCTH3VFLXOOG8XOBKZPPJMTA0LWJVHI4UGK9DYOU', 11111, 'CWPLP', 1, '2022-01-20 08:58:07', '2022-01-20 02:58:07', '2022-01-20 02:58:07'),
(64, 2, '+1 (279) 721-5078', '$2y$10$JTKFLbNHCXxl1XpmvaFUZ.hLLXDvPkxGrleTrAPAyY9q6sg.DISnO', 'Sam', 'Jast', '2019-09-24 00:00:00', '246369459690', 'avatar/316586', 'A4HYQ6KZPKM94NB90FRA2FZUV1NG1AKEWO8WUE1E', 11111, 'ODCBQ', 1, '2022-01-20 08:58:07', '2022-01-20 02:58:07', '2022-01-20 02:58:07'),
(65, 1, '+14342136653', '$2y$10$JTKFLbNHCXxl1XpmvaFUZ.hLLXDvPkxGrleTrAPAyY9q6sg.DISnO', 'Georgianna', 'Smith', '2017-05-19 00:00:00', '724383224172', 'avatar/231283', 'QY3NUUBXKZW7UWO6EO0CLY7NVFYQAFTP6ORZTJOY', 11111, '4R4BB', 1, '2022-01-20 08:58:07', '2022-01-20 02:58:07', '2022-01-20 02:58:07'),
(66, 19, '+15046923152', '$2y$10$JTKFLbNHCXxl1XpmvaFUZ.hLLXDvPkxGrleTrAPAyY9q6sg.DISnO', 'Ronaldo', 'Torphy', '2017-09-27 00:00:00', '273338192023', 'avatar/920694', 'CJGGHPY4FXG7KMFPZBJDOUZOUGPSWF0BLHCRQ9WL', 11111, 'QS3FW', 1, '2022-01-20 08:58:07', '2022-01-20 02:58:07', '2022-01-20 02:58:07'),
(67, 9, '+1.831.831.9482', '$2y$10$JTKFLbNHCXxl1XpmvaFUZ.hLLXDvPkxGrleTrAPAyY9q6sg.DISnO', 'Murphy', 'Hickle', '2017-06-19 00:00:00', '318010410540', 'avatar/516173', 'O6YHK9VJ2EOKNIIUE4VPDRC0PCVU6UF1B41AFCDN', 11111, '1XBD0', 1, '2022-01-20 08:58:07', '2022-01-20 02:58:07', '2022-01-20 02:58:07'),
(68, 11, '(234) 520-2183', '$2y$10$JTKFLbNHCXxl1XpmvaFUZ.hLLXDvPkxGrleTrAPAyY9q6sg.DISnO', 'Dannie', 'Beahan', '2021-11-24 00:00:00', '337362875256', 'avatar/389183', 'V9MRQN4UZQRIZVBD72UFBXEUGG2FSQVCH45XIHZK', 11111, 'ZKU1G', 1, '2022-01-20 08:58:07', '2022-01-20 02:58:07', '2022-01-20 02:58:07'),
(69, 15, '+1-610-617-9408', '$2y$10$JTKFLbNHCXxl1XpmvaFUZ.hLLXDvPkxGrleTrAPAyY9q6sg.DISnO', 'Eusebio', 'Hansen', '2019-05-31 00:00:00', '287392909535', 'avatar/632460', '0UYKVRACRPTOPCEZJT5XAM4F2UP3ZBEPB8WJKHUG', 11111, 'AHV5A', 1, '2022-01-20 08:58:07', '2022-01-20 02:58:07', '2022-01-20 02:58:07'),
(70, 14, '+1.681.451.2215', '$2y$10$JTKFLbNHCXxl1XpmvaFUZ.hLLXDvPkxGrleTrAPAyY9q6sg.DISnO', 'Frankie', 'Jast', '2020-01-09 00:00:00', '685747819949', 'avatar/270028', 'EUWLHGOJ5EEZTHA1ESID5FFTYLH0ESAI0FSALJFI', 11111, 'GNZHQ', 1, '2022-01-20 08:58:07', '2022-01-20 02:58:07', '2022-01-20 02:58:07'),
(71, 1, '769-510-2485', '$2y$10$JTKFLbNHCXxl1XpmvaFUZ.hLLXDvPkxGrleTrAPAyY9q6sg.DISnO', 'Elna', 'Nitzsche', '2018-03-31 00:00:00', '016522876730', 'avatar/989357', 'LQWWF9PU8LZBQ69JJRAHHUBC9EY8DUCZKQUG2IT7', 11111, 'HI5RX', 1, '2022-01-20 08:58:07', '2022-01-20 02:58:07', '2022-01-20 02:58:07'),
(72, 13, '+1 (586) 287-9005', '$2y$10$JTKFLbNHCXxl1XpmvaFUZ.hLLXDvPkxGrleTrAPAyY9q6sg.DISnO', 'Darrin', 'Schuster', '2021-06-15 00:00:00', '969662723602', 'avatar/533881', 'OVAXLXBSRF89YZCZDM16UNHCSNVSD6BGEG8Y8DVC', 11111, '4WUT7', 1, '2022-01-20 08:58:07', '2022-01-20 02:58:07', '2022-01-20 02:58:07'),
(73, 5, '+1.779.234.7306', '$2y$10$JTKFLbNHCXxl1XpmvaFUZ.hLLXDvPkxGrleTrAPAyY9q6sg.DISnO', 'Kamryn', 'Bailey', '2019-02-27 00:00:00', '703342044086', 'avatar/601470', 'Q3H82ZK56AON5W5ME9HIRPRV8D3B56ZOQD31QLPW', 11111, 'QBPYR', 1, '2022-01-20 08:58:07', '2022-01-20 02:58:07', '2022-01-20 02:58:07'),
(74, 7, '(718) 696-5310', '$2y$10$JTKFLbNHCXxl1XpmvaFUZ.hLLXDvPkxGrleTrAPAyY9q6sg.DISnO', 'Morgan', 'Kulas', '2016-08-28 00:00:00', '402523918454', 'avatar/455676', 'AKYEBBJSBBLNKTTDFOX2ZDJPJQOFCGQZ74HWX1AX', 11111, 'DHZNB', 1, '2022-01-20 08:58:07', '2022-01-20 02:58:07', '2022-01-20 02:58:07'),
(75, 12, '+1-763-336-9304', '$2y$10$JTKFLbNHCXxl1XpmvaFUZ.hLLXDvPkxGrleTrAPAyY9q6sg.DISnO', 'Freddie', 'Grimes', '2017-07-11 00:00:00', '193640727008', 'avatar/985243', 'Z8O77DBDLR2SEOSRVB0YSP6FZGRJOB0TIAX03N3Q', 11111, 'AFRWK', 1, '2022-01-20 08:58:07', '2022-01-20 02:58:07', '2022-01-20 02:58:07'),
(76, 18, '332-445-9925', '$2y$10$JTKFLbNHCXxl1XpmvaFUZ.hLLXDvPkxGrleTrAPAyY9q6sg.DISnO', 'Justen', 'Cummerata', '2019-02-08 00:00:00', '722518420326', 'avatar/907351', 'SK47ME4TK2GIGRUKOZGGT8JUAYU2OAS9YEUTJEIV', 11111, 'YV34K', 1, '2022-01-20 08:58:07', '2022-01-20 02:58:07', '2022-01-20 02:58:07'),
(77, 8, '252.718.3370', '$2y$10$JTKFLbNHCXxl1XpmvaFUZ.hLLXDvPkxGrleTrAPAyY9q6sg.DISnO', 'Dalton', 'Altenwerth', '2019-11-13 00:00:00', '945949624623', 'avatar/768620', 'L8WKXKJOUEC9CSI6OL45VGIVWU1PFGL2UHJ0MG8Q', 11111, 'HBOXK', 1, '2022-01-20 08:58:07', '2022-01-20 02:58:07', '2022-01-20 02:58:07'),
(78, 4, '223-629-0309', '$2y$10$JTKFLbNHCXxl1XpmvaFUZ.hLLXDvPkxGrleTrAPAyY9q6sg.DISnO', 'Jason', 'Cormier', '2020-05-18 00:00:00', '769913213300', 'avatar/366952', 'PFODSRNJIBIPQPCTSREHWPXLT0RW7ORNGMSBG2UL', 11111, 'J6QXF', 1, '2022-01-20 08:58:07', '2022-01-20 02:58:07', '2022-01-20 02:58:07'),
(79, 17, '+1-872-389-5765', '$2y$10$JTKFLbNHCXxl1XpmvaFUZ.hLLXDvPkxGrleTrAPAyY9q6sg.DISnO', 'Corine', 'Olson', '2021-11-22 00:00:00', '856073219537', 'avatar/229287', '9PDGGUOKCHJ7KBYSN7ITFCXNSLILVURSDM43OZ4K', 11111, 'LFEJ0', 1, '2022-01-20 08:58:07', '2022-01-20 02:58:07', '2022-01-20 02:58:07'),
(80, 17, '+1 (458) 897-8895', '$2y$10$JTKFLbNHCXxl1XpmvaFUZ.hLLXDvPkxGrleTrAPAyY9q6sg.DISnO', 'Cloyd', 'Lehner', '2016-12-03 00:00:00', '128849185078', 'avatar/354207', 'UBBRTKBNVDNB8TNZLVMYFRJT6WIQAODKEW0NGTZU', 11111, 'V2V1K', 1, '2022-01-20 08:58:07', '2022-01-20 02:58:07', '2022-01-20 02:58:07'),
(81, 4, '+1-469-767-4287', '$2y$10$JTKFLbNHCXxl1XpmvaFUZ.hLLXDvPkxGrleTrAPAyY9q6sg.DISnO', 'Kathlyn', 'Orn', '2020-05-03 00:00:00', '262286261725', 'avatar/699255', '5JAMLOZBKDJNZLIGB1JPZPP5NOG8TBGT54UKNMRS', 11111, '9IEFJ', 1, '2022-01-20 08:58:07', '2022-01-20 02:58:07', '2022-01-20 02:58:07'),
(82, 9, '202.437.7484', '$2y$10$JTKFLbNHCXxl1XpmvaFUZ.hLLXDvPkxGrleTrAPAyY9q6sg.DISnO', 'Quincy', 'Lynch', '2021-08-25 00:00:00', '276832019264', 'avatar/600451', 'TOHUQVJGLE6AZISSE2AYVM6ZO7LQBRYHBQSMCKWT', 11111, '5AP9E', 1, '2022-01-20 08:58:07', '2022-01-20 02:58:07', '2022-01-20 02:58:07'),
(83, 3, '1-606-455-5942', '$2y$10$JTKFLbNHCXxl1XpmvaFUZ.hLLXDvPkxGrleTrAPAyY9q6sg.DISnO', 'Jaunita', 'Heller', '2021-06-06 00:00:00', '297838420454', 'avatar/274095', '43PX4TIRW6F5YYFNATZOIWNMCYXSZQCRGT9AOHWR', 11111, 'OSNCM', 1, '2022-01-20 08:58:07', '2022-01-20 02:58:07', '2022-01-20 02:58:07'),
(84, 12, '281-616-3200', '$2y$10$JTKFLbNHCXxl1XpmvaFUZ.hLLXDvPkxGrleTrAPAyY9q6sg.DISnO', 'Gonzalo', 'Zieme', '2018-01-18 00:00:00', '637291654992', 'avatar/884628', 'HS7WKBCOEZ6S48LOSRUG5ODSEAWBOACA79NZCQFG', 11111, 'FKP4Y', 1, '2022-01-20 08:58:07', '2022-01-20 02:58:07', '2022-01-20 02:58:07'),
(85, 7, '228-649-9371', '$2y$10$JTKFLbNHCXxl1XpmvaFUZ.hLLXDvPkxGrleTrAPAyY9q6sg.DISnO', 'Sophie', 'Lakin', '2021-05-02 00:00:00', '172646031052', 'avatar/870399', 'ZYXZ2PFS59ULSS7UIGXWVL2SSRQWTTWARIOTV6CL', 11111, 'KNIOB', 1, '2022-01-20 08:58:07', '2022-01-20 02:58:07', '2022-01-20 02:58:07'),
(86, 18, '+1-628-955-5025', '$2y$10$JTKFLbNHCXxl1XpmvaFUZ.hLLXDvPkxGrleTrAPAyY9q6sg.DISnO', 'Sadie', 'Hayes', '2019-07-31 00:00:00', '735281943716', 'avatar/178956', 'ZI6N7BPS8CCWE5M3OZRFEBHVASJYQNGQ8HYGERO8', 11111, '6GTTW', 1, '2022-01-20 08:58:07', '2022-01-20 02:58:07', '2022-01-20 02:58:07'),
(87, 18, '425.960.3975', '$2y$10$JTKFLbNHCXxl1XpmvaFUZ.hLLXDvPkxGrleTrAPAyY9q6sg.DISnO', 'Dejah', 'Wisoky', '2017-10-04 00:00:00', '596791538069', 'avatar/371861', '57CRL9BZF136OC8THHTXNLJ2R0N1VXGP2HZ7XSZF', 11111, 'BNURL', 1, '2022-01-20 08:58:07', '2022-01-20 02:58:07', '2022-01-20 02:58:07'),
(88, 14, '+13125468161', '$2y$10$JTKFLbNHCXxl1XpmvaFUZ.hLLXDvPkxGrleTrAPAyY9q6sg.DISnO', 'Gail', 'Lubowitz', '2020-03-27 00:00:00', '218796739685', 'avatar/641638', 'UQHJAL4PF04EFJD6NVXBTUX5VVS76HIL0ZNRDOTS', 11111, 'YMHI1', 1, '2022-01-20 08:58:07', '2022-01-20 02:58:07', '2022-01-20 02:58:07'),
(89, 18, '907-554-8398', '$2y$10$JTKFLbNHCXxl1XpmvaFUZ.hLLXDvPkxGrleTrAPAyY9q6sg.DISnO', 'Mckenna', 'Maggio', '2021-05-04 00:00:00', '175019069914', 'avatar/485611', '7L66JY2DZE5XBQQACWNE4NQVK7T2P94SBIAOTDH9', 11111, 'BGDTW', 1, '2022-01-20 08:58:07', '2022-01-20 02:58:07', '2022-01-20 02:58:07'),
(90, 17, '+1-878-707-3163', '$2y$10$JTKFLbNHCXxl1XpmvaFUZ.hLLXDvPkxGrleTrAPAyY9q6sg.DISnO', 'Rosendo', 'Raynor', '2020-02-13 00:00:00', '750635724993', 'avatar/308773', 'JOLYRKMJ1ZTWARU0SU70F8ZUFFB3BZWDOAZAQJB7', 11111, 'ML70O', 1, '2022-01-20 08:58:07', '2022-01-20 02:58:07', '2022-01-20 02:58:07'),
(91, 19, '+1 (845) 683-8184', '$2y$10$JTKFLbNHCXxl1XpmvaFUZ.hLLXDvPkxGrleTrAPAyY9q6sg.DISnO', 'Olga', 'Torp', '2020-11-06 00:00:00', '688010159172', 'avatar/433320', 'HPSQJVB8QCI5KZTAW1JU3XIRHTOAV6EEICK9ROVW', 11111, 'VAWVE', 1, '2022-01-20 08:58:07', '2022-01-20 02:58:07', '2022-01-20 02:58:07'),
(92, 1, '424-486-5240', '$2y$10$JTKFLbNHCXxl1XpmvaFUZ.hLLXDvPkxGrleTrAPAyY9q6sg.DISnO', 'Emelie', 'Ullrich', '2017-07-24 00:00:00', '428091167573', 'avatar/675340', '8XL4BJ4R6JTAFG1BOPHDYF2AQ4JKWBFC4DKMPTRX', 11111, 'L7BP1', 1, '2022-01-20 08:58:07', '2022-01-20 02:58:07', '2022-01-20 02:58:07'),
(93, 19, '1-607-899-3799', '$2y$10$JTKFLbNHCXxl1XpmvaFUZ.hLLXDvPkxGrleTrAPAyY9q6sg.DISnO', 'Mercedes', 'Cremin', '2020-09-11 00:00:00', '208202143780', 'avatar/478128', 'D0KH5FP41TDHD84BYEZ64W54W8H5SWPDB1KMVD3X', 11111, 'ADKJN', 1, '2022-01-20 08:58:07', '2022-01-20 02:58:07', '2022-01-20 02:58:07'),
(94, 19, '856-377-7372', '$2y$10$JTKFLbNHCXxl1XpmvaFUZ.hLLXDvPkxGrleTrAPAyY9q6sg.DISnO', 'Grayce', 'Davis', '2017-05-16 00:00:00', '846216356537', 'avatar/407096', 'BZL0OYVNYKGDU7NWCWMAJBWN4TOW1Y8CLLDD3QTW', 11111, 'L1Z3W', 1, '2022-01-20 08:58:07', '2022-01-20 02:58:07', '2022-01-20 02:58:07'),
(95, 3, '657.663.4022', '$2y$10$JTKFLbNHCXxl1XpmvaFUZ.hLLXDvPkxGrleTrAPAyY9q6sg.DISnO', 'Demetrius', 'Harvey', '2018-04-14 00:00:00', '307959103766', 'avatar/934134', 'ZRZNIAKG3QSTO91037XJGH6JMHTYMUL3VWMXIA8W', 11111, '27OQM', 1, '2022-01-20 08:58:07', '2022-01-20 02:58:07', '2022-01-20 02:58:07'),
(96, 5, '(838) 638-8212', '$2y$10$JTKFLbNHCXxl1XpmvaFUZ.hLLXDvPkxGrleTrAPAyY9q6sg.DISnO', 'Alanna', 'Anderson', '2019-09-05 00:00:00', '636311712885', 'avatar/381897', 'M00MNRJTHDDJIHPWOG39U6RROGMGOGWIWA2T4X9Y', 11111, 'HYYQ7', 1, '2022-01-20 08:58:07', '2022-01-20 02:58:07', '2022-01-20 02:58:07'),
(97, 18, '934.253.3080', '$2y$10$JTKFLbNHCXxl1XpmvaFUZ.hLLXDvPkxGrleTrAPAyY9q6sg.DISnO', 'Evangeline', 'Stark', '2021-08-18 00:00:00', '811174752866', 'avatar/224404', 'EBQ0L5KZMP2H6A8ROSFCS4H6FNQCJHHFBM7L0HWL', 11111, 'CPQNE', 1, '2022-01-20 08:58:07', '2022-01-20 02:58:07', '2022-01-20 02:58:07'),
(98, 2, '(586) 275-4992', '$2y$10$JTKFLbNHCXxl1XpmvaFUZ.hLLXDvPkxGrleTrAPAyY9q6sg.DISnO', 'Edwin', 'Koelpin', '2020-05-19 00:00:00', '080011758320', 'avatar/137537', 'BOXTHIHVEFZAFUTZY9SNQ8XBMATURQIFS3SWAIBH', 11111, 'XRCZG', 1, '2022-01-20 08:58:07', '2022-01-20 02:58:07', '2022-01-20 02:58:07'),
(99, 11, '1-952-682-9089', '$2y$10$JTKFLbNHCXxl1XpmvaFUZ.hLLXDvPkxGrleTrAPAyY9q6sg.DISnO', 'Shanelle', 'Stroman', '2018-07-27 00:00:00', '788883748051', 'avatar/126092', 'LQH3BRJDPUWRUJCA0UZGN0GQHH80K0N8CHOX5EO2', 11111, 'LYWGJ', 1, '2022-01-20 08:58:07', '2022-01-20 02:58:07', '2022-01-20 02:58:07'),
(100, 7, '1-828-493-9009', '$2y$10$JTKFLbNHCXxl1XpmvaFUZ.hLLXDvPkxGrleTrAPAyY9q6sg.DISnO', 'Peggie', 'Denesik', '2018-01-14 00:00:00', '809092686051', 'avatar/693997', 'XIWBFEJTVC4LDDZYVJT35UNZ1TE4WRLPGD8I5HAF', 11111, '5PRUV', 1, '2022-01-20 08:58:07', '2022-01-20 02:58:07', '2022-01-20 02:58:07');

-- --------------------------------------------------------

--
-- Структура таблицы `user_documents`
--

CREATE TABLE `user_documents` (
  `id` bigint(20) UNSIGNED NOT NULL,
  `user_id` bigint(20) UNSIGNED NOT NULL,
  `doc_number` varchar(255) COLLATE utf8mb4_unicode_ci NOT NULL,
  `deadline` datetime NOT NULL,
  `image_1` varchar(255) COLLATE utf8mb4_unicode_ci NOT NULL,
  `image_2` varchar(255) COLLATE utf8mb4_unicode_ci NOT NULL,
  `person_image` varchar(255) COLLATE utf8mb4_unicode_ci NOT NULL,
  `created_at` timestamp NULL DEFAULT NULL,
  `updated_at` timestamp NULL DEFAULT NULL
) ENGINE=InnoDB DEFAULT CHARSET=utf8mb4 COLLATE=utf8mb4_unicode_ci;

--
-- Дамп данных таблицы `user_documents`
--

INSERT INTO `user_documents` (`id`, `user_id`, `doc_number`, `deadline`, `image_1`, `image_2`, `person_image`, `created_at`, `updated_at`) VALUES
(1, 45, '07091154', '2018-12-15 00:00:00', 'img/07091154-1', 'img/07091154-2', 'img/07091154-person', '2022-01-20 02:58:07', '2022-01-20 02:58:07'),
(2, 12, '25089269', '2019-01-08 00:00:00', 'img/25089269-1', 'img/25089269-2', 'img/25089269-person', '2022-01-20 02:58:07', '2022-01-20 02:58:07'),
(3, 87, '92763419', '2015-02-03 00:00:00', 'img/92763419-1', 'img/92763419-2', 'img/92763419-person', '2022-01-20 02:58:07', '2022-01-20 02:58:07'),
(4, 84, '92036019', '2016-10-25 00:00:00', 'img/92036019-1', 'img/92036019-2', 'img/92036019-person', '2022-01-20 02:58:07', '2022-01-20 02:58:07'),
(5, 34, '52733962', '2015-07-19 00:00:00', 'img/52733962-1', 'img/52733962-2', 'img/52733962-person', '2022-01-20 02:58:07', '2022-01-20 02:58:07'),
(6, 73, '51222691', '2014-12-09 00:00:00', 'img/51222691-1', 'img/51222691-2', 'img/51222691-person', '2022-01-20 02:58:07', '2022-01-20 02:58:07'),
(7, 92, '34742802', '2017-09-29 00:00:00', 'img/34742802-1', 'img/34742802-2', 'img/34742802-person', '2022-01-20 02:58:07', '2022-01-20 02:58:07'),
(8, 80, '54596104', '2011-03-10 00:00:00', 'img/54596104-1', 'img/54596104-2', 'img/54596104-person', '2022-01-20 02:58:07', '2022-01-20 02:58:07'),
(9, 57, '57599078', '2018-08-23 00:00:00', 'img/57599078-1', 'img/57599078-2', 'img/57599078-person', '2022-01-20 02:58:07', '2022-01-20 02:58:07'),
(10, 81, '32248959', '2012-10-01 00:00:00', 'img/32248959-1', 'img/32248959-2', 'img/32248959-person', '2022-01-20 02:58:07', '2022-01-20 02:58:07'),
(11, 69, '21195228', '2015-03-26 00:00:00', 'img/21195228-1', 'img/21195228-2', 'img/21195228-person', '2022-01-20 02:58:07', '2022-01-20 02:58:07'),
(12, 48, '70850160', '2018-05-15 00:00:00', 'img/70850160-1', 'img/70850160-2', 'img/70850160-person', '2022-01-20 02:58:07', '2022-01-20 02:58:07'),
(13, 41, '50444186', '2015-03-21 00:00:00', 'img/50444186-1', 'img/50444186-2', 'img/50444186-person', '2022-01-20 02:58:07', '2022-01-20 02:58:07'),
(14, 63, '95786624', '2012-08-16 00:00:00', 'img/95786624-1', 'img/95786624-2', 'img/95786624-person', '2022-01-20 02:58:07', '2022-01-20 02:58:07'),
(15, 6, '40793563', '2015-01-15 00:00:00', 'img/40793563-1', 'img/40793563-2', 'img/40793563-person', '2022-01-20 02:58:07', '2022-01-20 02:58:07'),
(16, 100, '03561079', '2014-08-30 00:00:00', 'img/03561079-1', 'img/03561079-2', 'img/03561079-person', '2022-01-20 02:58:07', '2022-01-20 02:58:07'),
(17, 89, '60906324', '2018-03-10 00:00:00', 'img/60906324-1', 'img/60906324-2', 'img/60906324-person', '2022-01-20 02:58:07', '2022-01-20 02:58:07'),
(18, 86, '59774941', '2016-06-24 00:00:00', 'img/59774941-1', 'img/59774941-2', 'img/59774941-person', '2022-01-20 02:58:07', '2022-01-20 02:58:07'),
(19, 69, '65611807', '2017-05-12 00:00:00', 'img/65611807-1', 'img/65611807-2', 'img/65611807-person', '2022-01-20 02:58:07', '2022-01-20 02:58:07'),
(20, 44, '12475008', '2019-03-21 00:00:00', 'img/12475008-1', 'img/12475008-2', 'img/12475008-person', '2022-01-20 02:58:07', '2022-01-20 02:58:07'),
(21, 68, '35404883', '2015-12-04 00:00:00', 'img/35404883-1', 'img/35404883-2', 'img/35404883-person', '2022-01-20 02:58:07', '2022-01-20 02:58:07'),
(22, 32, '46662643', '2016-08-11 00:00:00', 'img/46662643-1', 'img/46662643-2', 'img/46662643-person', '2022-01-20 02:58:07', '2022-01-20 02:58:07'),
(23, 24, '87628295', '2018-09-27 00:00:00', 'img/87628295-1', 'img/87628295-2', 'img/87628295-person', '2022-01-20 02:58:07', '2022-01-20 02:58:07'),
(24, 53, '49136135', '2016-08-16 00:00:00', 'img/49136135-1', 'img/49136135-2', 'img/49136135-person', '2022-01-20 02:58:07', '2022-01-20 02:58:07'),
(25, 3, '04897500', '2018-11-22 00:00:00', 'img/04897500-1', 'img/04897500-2', 'img/04897500-person', '2022-01-20 02:58:07', '2022-01-20 02:58:07'),
(26, 32, '57839022', '2011-09-29 00:00:00', 'img/57839022-1', 'img/57839022-2', 'img/57839022-person', '2022-01-20 02:58:07', '2022-01-20 02:58:07'),
(27, 14, '03906512', '2017-09-05 00:00:00', 'img/03906512-1', 'img/03906512-2', 'img/03906512-person', '2022-01-20 02:58:07', '2022-01-20 02:58:07'),
(28, 3, '38195173', '2016-03-19 00:00:00', 'img/38195173-1', 'img/38195173-2', 'img/38195173-person', '2022-01-20 02:58:07', '2022-01-20 02:58:07'),
(29, 84, '34102170', '2012-12-05 00:00:00', 'img/34102170-1', 'img/34102170-2', 'img/34102170-person', '2022-01-20 02:58:07', '2022-01-20 02:58:07'),
(30, 70, '57091605', '2017-12-18 00:00:00', 'img/57091605-1', 'img/57091605-2', 'img/57091605-person', '2022-01-20 02:58:07', '2022-01-20 02:58:07'),
(31, 94, '50032778', '2011-03-07 00:00:00', 'img/50032778-1', 'img/50032778-2', 'img/50032778-person', '2022-01-20 02:58:07', '2022-01-20 02:58:07'),
(32, 46, '03701401', '2016-03-17 00:00:00', 'img/03701401-1', 'img/03701401-2', 'img/03701401-person', '2022-01-20 02:58:07', '2022-01-20 02:58:07'),
(33, 65, '53483355', '2013-08-12 00:00:00', 'img/53483355-1', 'img/53483355-2', 'img/53483355-person', '2022-01-20 02:58:07', '2022-01-20 02:58:07'),
(34, 82, '51032502', '2015-04-04 00:00:00', 'img/51032502-1', 'img/51032502-2', 'img/51032502-person', '2022-01-20 02:58:07', '2022-01-20 02:58:07'),
(35, 49, '30031187', '2014-11-21 00:00:00', 'img/30031187-1', 'img/30031187-2', 'img/30031187-person', '2022-01-20 02:58:07', '2022-01-20 02:58:07'),
(36, 72, '98612406', '2011-11-09 00:00:00', 'img/98612406-1', 'img/98612406-2', 'img/98612406-person', '2022-01-20 02:58:07', '2022-01-20 02:58:07'),
(37, 11, '90331733', '2015-06-22 00:00:00', 'img/90331733-1', 'img/90331733-2', 'img/90331733-person', '2022-01-20 02:58:07', '2022-01-20 02:58:07'),
(38, 88, '45836408', '2014-06-14 00:00:00', 'img/45836408-1', 'img/45836408-2', 'img/45836408-person', '2022-01-20 02:58:07', '2022-01-20 02:58:07'),
(39, 100, '90891508', '2017-10-24 00:00:00', 'img/90891508-1', 'img/90891508-2', 'img/90891508-person', '2022-01-20 02:58:07', '2022-01-20 02:58:07'),
(40, 19, '80556169', '2018-01-13 00:00:00', 'img/80556169-1', 'img/80556169-2', 'img/80556169-person', '2022-01-20 02:58:07', '2022-01-20 02:58:07'),
(41, 4, '06557417', '2017-01-26 00:00:00', 'img/06557417-1', 'img/06557417-2', 'img/06557417-person', '2022-01-20 02:58:07', '2022-01-20 02:58:07'),
(42, 95, '69541484', '2016-01-11 00:00:00', 'img/69541484-1', 'img/69541484-2', 'img/69541484-person', '2022-01-20 02:58:07', '2022-01-20 02:58:07'),
(43, 6, '84059667', '2015-11-15 00:00:00', 'img/84059667-1', 'img/84059667-2', 'img/84059667-person', '2022-01-20 02:58:07', '2022-01-20 02:58:07'),
(44, 11, '90901649', '2012-11-23 00:00:00', 'img/90901649-1', 'img/90901649-2', 'img/90901649-person', '2022-01-20 02:58:07', '2022-01-20 02:58:07'),
(45, 100, '44628089', '2018-07-27 00:00:00', 'img/44628089-1', 'img/44628089-2', 'img/44628089-person', '2022-01-20 02:58:07', '2022-01-20 02:58:07'),
(46, 100, '07828540', '2012-12-27 00:00:00', 'img/07828540-1', 'img/07828540-2', 'img/07828540-person', '2022-01-20 02:58:07', '2022-01-20 02:58:07'),
(47, 66, '10817488', '2012-01-28 00:00:00', 'img/10817488-1', 'img/10817488-2', 'img/10817488-person', '2022-01-20 02:58:07', '2022-01-20 02:58:07'),
(48, 99, '16973092', '2015-10-05 00:00:00', 'img/16973092-1', 'img/16973092-2', 'img/16973092-person', '2022-01-20 02:58:07', '2022-01-20 02:58:07'),
(49, 26, '12574509', '2011-01-21 00:00:00', 'img/12574509-1', 'img/12574509-2', 'img/12574509-person', '2022-01-20 02:58:07', '2022-01-20 02:58:07'),
(50, 15, '55768968', '2015-03-11 00:00:00', 'img/55768968-1', 'img/55768968-2', 'img/55768968-person', '2022-01-20 02:58:07', '2022-01-20 02:58:07'),
(51, 64, '46380447', '2013-10-01 00:00:00', 'img/46380447-1', 'img/46380447-2', 'img/46380447-person', '2022-01-20 02:58:07', '2022-01-20 02:58:07'),
(52, 40, '97686134', '2013-09-02 00:00:00', 'img/97686134-1', 'img/97686134-2', 'img/97686134-person', '2022-01-20 02:58:07', '2022-01-20 02:58:07'),
(53, 28, '56588314', '2012-07-03 00:00:00', 'img/56588314-1', 'img/56588314-2', 'img/56588314-person', '2022-01-20 02:58:07', '2022-01-20 02:58:07'),
(54, 59, '57740990', '2014-11-05 00:00:00', 'img/57740990-1', 'img/57740990-2', 'img/57740990-person', '2022-01-20 02:58:07', '2022-01-20 02:58:07'),
(55, 6, '59529161', '2011-11-22 00:00:00', 'img/59529161-1', 'img/59529161-2', 'img/59529161-person', '2022-01-20 02:58:07', '2022-01-20 02:58:07'),
(56, 96, '88671405', '2014-05-04 00:00:00', 'img/88671405-1', 'img/88671405-2', 'img/88671405-person', '2022-01-20 02:58:07', '2022-01-20 02:58:07'),
(57, 90, '22160992', '2012-09-20 00:00:00', 'img/22160992-1', 'img/22160992-2', 'img/22160992-person', '2022-01-20 02:58:07', '2022-01-20 02:58:07'),
(58, 93, '64170165', '2015-07-10 00:00:00', 'img/64170165-1', 'img/64170165-2', 'img/64170165-person', '2022-01-20 02:58:07', '2022-01-20 02:58:07'),
(59, 10, '32327323', '2011-10-03 00:00:00', 'img/32327323-1', 'img/32327323-2', 'img/32327323-person', '2022-01-20 02:58:07', '2022-01-20 02:58:07'),
(60, 52, '34284411', '2015-10-01 00:00:00', 'img/34284411-1', 'img/34284411-2', 'img/34284411-person', '2022-01-20 02:58:07', '2022-01-20 02:58:07'),
(61, 28, '90685986', '2016-12-09 00:00:00', 'img/90685986-1', 'img/90685986-2', 'img/90685986-person', '2022-01-20 02:58:07', '2022-01-20 02:58:07'),
(62, 28, '50538107', '2018-06-03 00:00:00', 'img/50538107-1', 'img/50538107-2', 'img/50538107-person', '2022-01-20 02:58:07', '2022-01-20 02:58:07'),
(63, 48, '83736468', '2011-03-14 00:00:00', 'img/83736468-1', 'img/83736468-2', 'img/83736468-person', '2022-01-20 02:58:07', '2022-01-20 02:58:07'),
(64, 83, '50547195', '2017-02-01 00:00:00', 'img/50547195-1', 'img/50547195-2', 'img/50547195-person', '2022-01-20 02:58:07', '2022-01-20 02:58:07'),
(65, 67, '58221400', '2013-06-10 00:00:00', 'img/58221400-1', 'img/58221400-2', 'img/58221400-person', '2022-01-20 02:58:07', '2022-01-20 02:58:07'),
(66, 65, '42497822', '2018-03-26 00:00:00', 'img/42497822-1', 'img/42497822-2', 'img/42497822-person', '2022-01-20 02:58:07', '2022-01-20 02:58:07'),
(67, 77, '72785115', '2016-09-22 00:00:00', 'img/72785115-1', 'img/72785115-2', 'img/72785115-person', '2022-01-20 02:58:07', '2022-01-20 02:58:07'),
(68, 22, '41739756', '2014-08-30 00:00:00', 'img/41739756-1', 'img/41739756-2', 'img/41739756-person', '2022-01-20 02:58:07', '2022-01-20 02:58:07'),
(69, 37, '46063821', '2015-07-13 00:00:00', 'img/46063821-1', 'img/46063821-2', 'img/46063821-person', '2022-01-20 02:58:07', '2022-01-20 02:58:07'),
(70, 39, '23641393', '2017-02-22 00:00:00', 'img/23641393-1', 'img/23641393-2', 'img/23641393-person', '2022-01-20 02:58:07', '2022-01-20 02:58:07'),
(71, 91, '78923474', '2013-11-17 00:00:00', 'img/78923474-1', 'img/78923474-2', 'img/78923474-person', '2022-01-20 02:58:07', '2022-01-20 02:58:07'),
(72, 3, '40338289', '2015-05-01 00:00:00', 'img/40338289-1', 'img/40338289-2', 'img/40338289-person', '2022-01-20 02:58:07', '2022-01-20 02:58:07'),
(73, 54, '30965221', '2018-05-02 00:00:00', 'img/30965221-1', 'img/30965221-2', 'img/30965221-person', '2022-01-20 02:58:07', '2022-01-20 02:58:07'),
(74, 92, '52481768', '2011-02-03 00:00:00', 'img/52481768-1', 'img/52481768-2', 'img/52481768-person', '2022-01-20 02:58:07', '2022-01-20 02:58:07'),
(75, 46, '50115541', '2017-08-04 00:00:00', 'img/50115541-1', 'img/50115541-2', 'img/50115541-person', '2022-01-20 02:58:07', '2022-01-20 02:58:07'),
(76, 73, '98167821', '2015-10-18 00:00:00', 'img/98167821-1', 'img/98167821-2', 'img/98167821-person', '2022-01-20 02:58:07', '2022-01-20 02:58:07'),
(77, 76, '01819460', '2012-12-23 00:00:00', 'img/01819460-1', 'img/01819460-2', 'img/01819460-person', '2022-01-20 02:58:07', '2022-01-20 02:58:07'),
(78, 90, '15646334', '2014-09-25 00:00:00', 'img/15646334-1', 'img/15646334-2', 'img/15646334-person', '2022-01-20 02:58:07', '2022-01-20 02:58:07'),
(79, 34, '79179283', '2012-08-31 00:00:00', 'img/79179283-1', 'img/79179283-2', 'img/79179283-person', '2022-01-20 02:58:07', '2022-01-20 02:58:07'),
(80, 80, '68318818', '2016-07-18 00:00:00', 'img/68318818-1', 'img/68318818-2', 'img/68318818-person', '2022-01-20 02:58:07', '2022-01-20 02:58:07'),
(81, 99, '33195477', '2014-03-27 00:00:00', 'img/33195477-1', 'img/33195477-2', 'img/33195477-person', '2022-01-20 02:58:07', '2022-01-20 02:58:07'),
(82, 61, '34981522', '2013-08-29 00:00:00', 'img/34981522-1', 'img/34981522-2', 'img/34981522-person', '2022-01-20 02:58:07', '2022-01-20 02:58:07'),
(83, 62, '40274919', '2018-01-29 00:00:00', 'img/40274919-1', 'img/40274919-2', 'img/40274919-person', '2022-01-20 02:58:07', '2022-01-20 02:58:07'),
(84, 73, '08552551', '2016-04-20 00:00:00', 'img/08552551-1', 'img/08552551-2', 'img/08552551-person', '2022-01-20 02:58:07', '2022-01-20 02:58:07'),
(85, 35, '36257925', '2017-03-16 00:00:00', 'img/36257925-1', 'img/36257925-2', 'img/36257925-person', '2022-01-20 02:58:07', '2022-01-20 02:58:07'),
(86, 34, '91573819', '2015-08-15 00:00:00', 'img/91573819-1', 'img/91573819-2', 'img/91573819-person', '2022-01-20 02:58:07', '2022-01-20 02:58:07'),
(87, 100, '94350023', '2013-08-01 00:00:00', 'img/94350023-1', 'img/94350023-2', 'img/94350023-person', '2022-01-20 02:58:07', '2022-01-20 02:58:07'),
(88, 94, '23250517', '2017-05-16 00:00:00', 'img/23250517-1', 'img/23250517-2', 'img/23250517-person', '2022-01-20 02:58:07', '2022-01-20 02:58:07'),
(89, 25, '10358877', '2016-02-23 00:00:00', 'img/10358877-1', 'img/10358877-2', 'img/10358877-person', '2022-01-20 02:58:07', '2022-01-20 02:58:07'),
(90, 18, '21553783', '2014-08-06 00:00:00', 'img/21553783-1', 'img/21553783-2', 'img/21553783-person', '2022-01-20 02:58:07', '2022-01-20 02:58:07'),
(91, 82, '70838001', '2018-09-08 00:00:00', 'img/70838001-1', 'img/70838001-2', 'img/70838001-person', '2022-01-20 02:58:07', '2022-01-20 02:58:07'),
(92, 20, '88355111', '2015-06-07 00:00:00', 'img/88355111-1', 'img/88355111-2', 'img/88355111-person', '2022-01-20 02:58:07', '2022-01-20 02:58:07'),
(93, 74, '74928537', '2015-07-17 00:00:00', 'img/74928537-1', 'img/74928537-2', 'img/74928537-person', '2022-01-20 02:58:07', '2022-01-20 02:58:07'),
(94, 6, '73434171', '2011-03-04 00:00:00', 'img/73434171-1', 'img/73434171-2', 'img/73434171-person', '2022-01-20 02:58:07', '2022-01-20 02:58:07'),
(95, 46, '93214100', '2014-01-11 00:00:00', 'img/93214100-1', 'img/93214100-2', 'img/93214100-person', '2022-01-20 02:58:07', '2022-01-20 02:58:07'),
(96, 78, '50937454', '2016-10-12 00:00:00', 'img/50937454-1', 'img/50937454-2', 'img/50937454-person', '2022-01-20 02:58:07', '2022-01-20 02:58:07'),
(97, 39, '06466919', '2013-02-17 00:00:00', 'img/06466919-1', 'img/06466919-2', 'img/06466919-person', '2022-01-20 02:58:07', '2022-01-20 02:58:07'),
(98, 77, '98234016', '2019-03-10 00:00:00', 'img/98234016-1', 'img/98234016-2', 'img/98234016-person', '2022-01-20 02:58:07', '2022-01-20 02:58:07'),
(99, 58, '37744277', '2017-05-29 00:00:00', 'img/37744277-1', 'img/37744277-2', 'img/37744277-person', '2022-01-20 02:58:07', '2022-01-20 02:58:07'),
(100, 67, '68309957', '2012-05-18 00:00:00', 'img/68309957-1', 'img/68309957-2', 'img/68309957-person', '2022-01-20 02:58:07', '2022-01-20 02:58:07');

--
-- Индексы сохранённых таблиц
--

--
-- Индексы таблицы `cars`
--
ALTER TABLE `cars`
  ADD PRIMARY KEY (`id`);

--
-- Индексы таблицы `cities`
--
ALTER TABLE `cities`
  ADD PRIMARY KEY (`id`),
  ADD KEY `cities_country_id_foreign` (`country_id`);

--
-- Индексы таблицы `countries`
--
ALTER TABLE `countries`
  ADD PRIMARY KEY (`id`);

--
-- Индексы таблицы `driver_images`
--
ALTER TABLE `driver_images`
  ADD PRIMARY KEY (`id`);

--
-- Индексы таблицы `employees`
--
ALTER TABLE `employees`
  ADD PRIMARY KEY (`id`),
  ADD UNIQUE KEY `employees_token_unique` (`token`),
  ADD KEY `employees_city_id_foreign` (`city_id`);

--
-- Индексы таблицы `migrations`
--
ALTER TABLE `migrations`
  ADD PRIMARY KEY (`id`);

--
-- Индексы таблицы `orders`
--
ALTER TABLE `orders`
  ADD PRIMARY KEY (`id`),
  ADD KEY `orders_employee_id_foreign` (`employee_id`),
  ADD KEY `orders_from_city_id_foreign` (`from_city_id`),
  ADD KEY `orders_to_city_id_foreign` (`to_city_id`);

--
-- Индексы таблицы `order_images`
--
ALTER TABLE `order_images`
  ADD PRIMARY KEY (`id`),
  ADD KEY `order_images_order_id_foreign` (`order_id`);

--
-- Индексы таблицы `order_statuses`
--
ALTER TABLE `order_statuses`
  ADD PRIMARY KEY (`id`),
  ADD KEY `order_statuses_order_id_foreign` (`order_id`),
  ADD KEY `order_statuses_user_id_foreign` (`user_id`);

--
-- Индексы таблицы `personal_access_tokens`
--
ALTER TABLE `personal_access_tokens`
  ADD PRIMARY KEY (`id`),
  ADD UNIQUE KEY `personal_access_tokens_token_unique` (`token`),
  ADD KEY `personal_access_tokens_tokenable_type_tokenable_id_index` (`tokenable_type`,`tokenable_id`);

--
-- Индексы таблицы `points`
--
ALTER TABLE `points`
  ADD PRIMARY KEY (`id`),
  ADD KEY `points_order_id_foreign` (`order_id`);

--
-- Индексы таблицы `products`
--
ALTER TABLE `products`
  ADD PRIMARY KEY (`id`),
  ADD KEY `products_point_id_foreign` (`point_id`);

--
-- Индексы таблицы `transports`
--
ALTER TABLE `transports`
  ADD PRIMARY KEY (`id`),
  ADD KEY `transports_car_id_foreign` (`car_id`),
  ADD KEY `transports_user_id_foreign` (`user_id`);

--
-- Индексы таблицы `users`
--
ALTER TABLE `users`
  ADD PRIMARY KEY (`id`),
  ADD KEY `users_city_id_foreign` (`city_id`);

--
-- Индексы таблицы `user_documents`
--
ALTER TABLE `user_documents`
  ADD PRIMARY KEY (`id`),
  ADD KEY `user_documents_user_id_foreign` (`user_id`);

--
-- AUTO_INCREMENT для сохранённых таблиц
--

--
-- AUTO_INCREMENT для таблицы `cars`
--
ALTER TABLE `cars`
  MODIFY `id` bigint(20) UNSIGNED NOT NULL AUTO_INCREMENT, AUTO_INCREMENT=21;

--
-- AUTO_INCREMENT для таблицы `cities`
--
ALTER TABLE `cities`
  MODIFY `id` bigint(20) UNSIGNED NOT NULL AUTO_INCREMENT, AUTO_INCREMENT=21;

--
-- AUTO_INCREMENT для таблицы `countries`
--
ALTER TABLE `countries`
  MODIFY `id` bigint(20) UNSIGNED NOT NULL AUTO_INCREMENT, AUTO_INCREMENT=6;

--
-- AUTO_INCREMENT для таблицы `driver_images`
--
ALTER TABLE `driver_images`
  MODIFY `id` bigint(20) UNSIGNED NOT NULL AUTO_INCREMENT;

--
-- AUTO_INCREMENT для таблицы `employees`
--
ALTER TABLE `employees`
  MODIFY `id` bigint(20) UNSIGNED NOT NULL AUTO_INCREMENT, AUTO_INCREMENT=11;

--
-- AUTO_INCREMENT для таблицы `migrations`
--
ALTER TABLE `migrations`
  MODIFY `id` int(10) UNSIGNED NOT NULL AUTO_INCREMENT, AUTO_INCREMENT=15;

--
-- AUTO_INCREMENT для таблицы `orders`
--
ALTER TABLE `orders`
  MODIFY `id` bigint(20) UNSIGNED NOT NULL AUTO_INCREMENT, AUTO_INCREMENT=51;

--
-- AUTO_INCREMENT для таблицы `order_images`
--
ALTER TABLE `order_images`
  MODIFY `id` bigint(20) UNSIGNED NOT NULL AUTO_INCREMENT, AUTO_INCREMENT=101;

--
-- AUTO_INCREMENT для таблицы `order_statuses`
--
ALTER TABLE `order_statuses`
  MODIFY `id` bigint(20) UNSIGNED NOT NULL AUTO_INCREMENT;

--
-- AUTO_INCREMENT для таблицы `personal_access_tokens`
--
ALTER TABLE `personal_access_tokens`
  MODIFY `id` bigint(20) UNSIGNED NOT NULL AUTO_INCREMENT;

--
-- AUTO_INCREMENT для таблицы `points`
--
ALTER TABLE `points`
  MODIFY `id` bigint(20) UNSIGNED NOT NULL AUTO_INCREMENT, AUTO_INCREMENT=251;

--
-- AUTO_INCREMENT для таблицы `products`
--
ALTER TABLE `products`
  MODIFY `id` bigint(20) UNSIGNED NOT NULL AUTO_INCREMENT, AUTO_INCREMENT=501;

--
-- AUTO_INCREMENT для таблицы `transports`
--
ALTER TABLE `transports`
  MODIFY `id` bigint(20) UNSIGNED NOT NULL AUTO_INCREMENT, AUTO_INCREMENT=101;

--
-- AUTO_INCREMENT для таблицы `users`
--
ALTER TABLE `users`
  MODIFY `id` bigint(20) UNSIGNED NOT NULL AUTO_INCREMENT, AUTO_INCREMENT=101;

--
-- AUTO_INCREMENT для таблицы `user_documents`
--
ALTER TABLE `user_documents`
  MODIFY `id` bigint(20) UNSIGNED NOT NULL AUTO_INCREMENT, AUTO_INCREMENT=101;

--
-- Ограничения внешнего ключа сохраненных таблиц
--

--
-- Ограничения внешнего ключа таблицы `cities`
--
ALTER TABLE `cities`
  ADD CONSTRAINT `cities_country_id_foreign` FOREIGN KEY (`country_id`) REFERENCES `countries` (`id`);

--
-- Ограничения внешнего ключа таблицы `employees`
--
ALTER TABLE `employees`
  ADD CONSTRAINT `employees_city_id_foreign` FOREIGN KEY (`city_id`) REFERENCES `cities` (`id`) ON DELETE CASCADE;

--
-- Ограничения внешнего ключа таблицы `orders`
--
ALTER TABLE `orders`
  ADD CONSTRAINT `orders_employee_id_foreign` FOREIGN KEY (`employee_id`) REFERENCES `employees` (`id`) ON DELETE CASCADE,
  ADD CONSTRAINT `orders_from_city_id_foreign` FOREIGN KEY (`from_city_id`) REFERENCES `cities` (`id`) ON DELETE CASCADE,
  ADD CONSTRAINT `orders_to_city_id_foreign` FOREIGN KEY (`to_city_id`) REFERENCES `cities` (`id`) ON DELETE CASCADE;

--
-- Ограничения внешнего ключа таблицы `order_images`
--
ALTER TABLE `order_images`
  ADD CONSTRAINT `order_images_order_id_foreign` FOREIGN KEY (`order_id`) REFERENCES `orders` (`id`) ON DELETE CASCADE;

--
-- Ограничения внешнего ключа таблицы `order_statuses`
--
ALTER TABLE `order_statuses`
  ADD CONSTRAINT `order_statuses_order_id_foreign` FOREIGN KEY (`order_id`) REFERENCES `orders` (`id`) ON DELETE CASCADE,
  ADD CONSTRAINT `order_statuses_user_id_foreign` FOREIGN KEY (`user_id`) REFERENCES `users` (`id`) ON DELETE CASCADE;

--
-- Ограничения внешнего ключа таблицы `points`
--
ALTER TABLE `points`
  ADD CONSTRAINT `points_order_id_foreign` FOREIGN KEY (`order_id`) REFERENCES `orders` (`id`) ON DELETE CASCADE;

--
-- Ограничения внешнего ключа таблицы `products`
--
ALTER TABLE `products`
  ADD CONSTRAINT `products_point_id_foreign` FOREIGN KEY (`point_id`) REFERENCES `points` (`id`) ON DELETE CASCADE;

--
-- Ограничения внешнего ключа таблицы `transports`
--
ALTER TABLE `transports`
  ADD CONSTRAINT `transports_car_id_foreign` FOREIGN KEY (`car_id`) REFERENCES `cars` (`id`) ON DELETE CASCADE,
  ADD CONSTRAINT `transports_user_id_foreign` FOREIGN KEY (`user_id`) REFERENCES `users` (`id`) ON DELETE CASCADE;

--
-- Ограничения внешнего ключа таблицы `users`
--
ALTER TABLE `users`
  ADD CONSTRAINT `users_city_id_foreign` FOREIGN KEY (`city_id`) REFERENCES `cities` (`id`) ON DELETE CASCADE;

--
-- Ограничения внешнего ключа таблицы `user_documents`
--
ALTER TABLE `user_documents`
  ADD CONSTRAINT `user_documents_user_id_foreign` FOREIGN KEY (`user_id`) REFERENCES `users` (`id`) ON DELETE CASCADE;
COMMIT;

/*!40101 SET CHARACTER_SET_CLIENT=@OLD_CHARACTER_SET_CLIENT */;
/*!40101 SET CHARACTER_SET_RESULTS=@OLD_CHARACTER_SET_RESULTS */;
/*!40101 SET COLLATION_CONNECTION=@OLD_COLLATION_CONNECTION */;
